Workbook

Sheet Klimawirkungen
A1: Stamm | E1: A. Fachliche Zerlegung (unterhalb der Klimawirkung) | N1: B. Klimarisiko ohne Anpassung | V1: C. Anpassung, Restrisiko und Handlungserfordernis
A2: ID | B2: Cluster | C2: Handlungsfeld | D2: Klimawirkung (Risiko) | E2: Bearbeitungstiefe | F2: Spezifizierung | G2: Integrierte Klimawirkungen | H2: Faktoren | I2: Indikatoren-IDs | J2: Indikatoren | K2: Typ | L2: Rein vorgelagert | M2: Systembereich | N2: Risiko o. Anp. – Gegenwart | O2: Risiko o. Anp. – Mitte optim. | P2: Risiko o. Anp. – Mitte pessim. | Q2: Risiko o. Anp. – Ende optim. | R2: Risiko o. Anp. – Ende pessim. | S2: Gewissheit – Mitte | T2: Gewissheit – Ende | U2: Anpassungsdauer (Jahre) | V2: Anpassungskapazität analysiert | W2: Wirksamkeit APA III – 2020–2030 | X2: Wirksamkeit APA III – Mitte optim. | Y2: Wirksamkeit APA III – Mitte pessim. | Z2: Wirksamkeit weiterr. – Mitte optim. | AA2: Wirksamkeit weiterr. – Mitte pessim. | AB2: Restrisiko APA III – 2020–2030 | AC2: Restrisiko APA III – Mitte optim. | AD2: Restrisiko APA III – Mitte pessim. | AE2: Restrisiko weiterr. – Mitte optim. | AF2: Restrisiko weiterr. – Mitte pessim. | AG2: Handlungserfordernis | AH2: Netzrolle (TB 6 Kap. 3.4) | AI2: Grenzen der Anpassung | AJ2: Quelle | AK2: Anmerkung
A3: 1 | B3: Land | C3: Biologische Vielfalt | D3: Veränderung der Länge der Vegetationsperiode und Phänologie | E3: intensiv | F3: Veränderungen im Verhalten von Zugvögeln und Entkopplungsphänomene infolge von Verschiebungen des Vorkommens von Nahrungsinsekten | G3: „Phänologie“, „Länge der Vegetationsperiode“, „Phänologie und Verhalten“ | K3: Risiko | M3: Natürliche Systeme und Ressourcen | N3: gering | O3: mittel | P3: hoch | Q3: mittel | R3: hoch | S3: mittel | T3: gering | U3: keine Reaktion möglich | V3: nein | AG3: nicht zuordenbar (keine Anpassungsoption) | AH3: stark ausgehend | AI3: Klimarisiko hoch, aber keine Anpassungsmöglichkeit gesehen (TB6 Kap. 6.1) | AJ3: TB 6 Tab. 1 | TB 2–5 „Übersicht Klimawirkungen“
A4: 2 | B4: Land | C4: Biologische Vielfalt | D4: Ausbreitung invasiver Arten | E4: intensiv | K4: Risiko | M4: Natürliche Systeme und Ressourcen | N4: mittel | O4: mittel | P4: hoch | Q4: hoch | R4: hoch | S4: mittel | T4: gering | U4: 10-50 | V4: ja | W4: gering | X4: gering-mittel | Y4: gering | Z4: mittel | AA4: gering-mittel | AB4: mittel | AC4: gering-mittel | AD4: hoch | AE4: gering | AF4: mittel-hoch | AG4: sehr dringend | AJ4: TB 6 Tab. 1 | TB 6 Tab. 22 | TB 2–5 „Klimarisiken mit Anpassung“ | TB 2–5 „Übersicht Klimawirkungen“
A5: 3 | B5: Land | C5: Biologische Vielfalt | D5: Verlust an genetischer Vielfalt | E5: extensiv | K5: Risiko | M5: Natürliche Systeme und Ressourcen | N5: gering | O5: gering | P5: mittel | Q5: mittel | R5: hoch | S5: mittel | T5: sehr gering | U5: 10-50 | V5: ja | W5: gering | X5: gering | Y5: gering | Z5: gering-mittel | AA5: gering-mittel | AB5: gering | AC5: gering | AD5: mittel | AE5: gering | AF5: gering-mittel | AG5: dringend | AJ5: TB 6 Tab. 1 | TB 6 Tab. 22 | TB 2–5 „Klimarisiken mit Anpassung“ | TB 2–5 „Übersicht Klimawirkungen“
A6: 4 | B6: Land | C6: Biologische Vielfalt | D6: Verschiebung von Arealen und Rückgang der Bestände | E6: extensiv | G6: „Rückgang der Bestände“ | K6: Risiko | M6: Natürliche Systeme und Ressourcen | N6: gering | O6: mittel | P6: mittel | Q6: mittel | R6: hoch | S6: mittel | T6: gering | U6: 10-50 | V6: ja | W6: gering | X6: gering-mittel | Y6: gering | Z6: mittel | AA6: gering-mittel | AB6: gering | AC6: gering-mittel | AD6: mittel | AE6: gering | AF6: gering-mittel | AG6: dringend | AH6: stark ausgehend | AJ6: TB 6 Tab. 1 | TB 6 Tab. 22 | TB 2–5 „Klimarisiken mit Anpassung“ | TB 2–5 „Übersicht Klimawirkungen“
A7: 5 | B7: Land | C7: Biologische Vielfalt | D7: Schäden an Küstenökosystemen | E7: extensiv | K7: Risiko | M7: Natürliche Systeme und Ressourcen | N7: gering | O7: mittel | P7: mittel | Q7: mittel | R7: hoch | S7: mittel | T7: mittel | U7: 10-50 | V7: nein | AG7: dringend | AH7: stark eingehend | AJ7: TB 6 Tab. 1 | TB 2–5 „Übersicht Klimawirkungen“
A8: 6 | B8: Land | C8: Biologische Vielfalt | D8: Schäden an Gebirgsökosystemen | E8: extensiv | K8: Risiko | M8: Natürliche Systeme und Ressourcen | N8: gering | O8: mittel | P8: hoch | Q8: mittel | R8: hoch | S8: mittel | T8: mittel | U8: keine Reaktion möglich | V8: nein | AG8: nicht zuordenbar (keine Anpassungsoption) | AI8: Klimarisiko hoch, aber keine Anpassungsmöglichkeit gesehen (TB6 Kap. 6.1) | AJ8: TB 6 Tab. 1 | TB 2–5 „Übersicht Klimawirkungen“
A9: 7 | B9: Land | C9: Biologische Vielfalt | D9: Schäden an wassergebundenen Habitaten und Feuchtgebieten | E9: extensiv | K9: Risiko | M9: Natürliche Systeme und Ressourcen | N9: mittel | O9: mittel | P9: hoch | Q9: mittel | R9: hoch | S9: mittel | T9: mittel | U9: 10-50 | V9: ja | W9: gering | X9: gering-mittel | Y9: gering-mittel | Z9: mittel | AA9: mittel | AB9: mittel | AC9: gering-mittel | AD9: mittel-hoch | AE9: gering | AF9: mittel | AG9: sehr dringend | AJ9: TB 6 Tab. 1 | TB 6 Tab. 22 | TB 2–5 „Klimarisiken mit Anpassung“ | TB 2–5 „Übersicht Klimawirkungen“
A10: 8 | B10: Land | C10: Biologische Vielfalt | D10: Schäden an Wäldern | E10: extensiv | K10: Risiko | M10: Natürliche Systeme und Ressourcen | N10: mittel | O10: mittel | P10: hoch | Q10: mittel | R10: hoch | S10: mittel | T10: gering | U10: > 50 | V10: ja | W10: gering | X10: gering-mittel | Y10: gering-mittel | Z10: mittel | AA10: gering-mittel | AB10: mittel | AC10: gering-mittel | AD10: mittel-hoch | AE10: gering | AF10: mittel-hoch | AG10: sehr dringend | AJ10: TB 6 Tab. 1 | TB 6 Tab. 22 | TB 2–5 „Klimarisiken mit Anpassung“ | TB 2–5 „Übersicht Klimawirkungen“
A11: 9 | B11: Land | C11: Biologische Vielfalt | D11: Ökosystemleistungen | E11: extensiv | G11: „Versorgungsleistungen“, „Regulierende Leistungen“ | K11: Risiko | M11: Naturnutzende Wirtschaftssysteme | N11: gering | O11: gering | P11: mittel | Q11: mittel | R11: hoch | S11: sehr gering | T11: sehr gering | U11: 10-50 | V11: nein | AG11: dringend | AJ11: TB 6 Tab. 1 | TB 2–5 „Übersicht Klimawirkungen“
A12: 10 | B12: Land | C12: Boden | D12: Bodenerosion durch Wasser | E12: intensiv | F12: Potenzieller mittlerer Bodenabtrag durch Wassererosion | H12: Erosion durch Wasser | I12: BO-KL-01 | J12: BO-KL-01: Potenzieller mittlerer Bodenabtrag durch Wassererosion | K12: Risiko | M12: Natürliche Systeme und Ressourcen | N12: mittel | O12: mittel | P12: hoch | Q12: mittel | R12: hoch | S12: mittel | T12: gering | U12: 10-50 | V12: ja | W12: gering | X12: gering-mittel | Y12: gering-mittel | Z12: mittel | AA12: mittel | AB12: mittel | AC12: gering-mittel | AD12: mittel-hoch | AE12: gering | AF12: mittel-hoch | AG12: sehr dringend | AJ12: TB 6 Tab. 1 | TB 6 Tab. 22 | TB 2–5 „Klimarisiken mit Anpassung“ | TB 2–5 „Übersicht Klimawirkungen“
A13: 11 | B13: Land | C13: Boden | D13: Bodenerosion durch Wind | E13: extensiv | K13: Risiko | M13: Natürliche Systeme und Ressourcen | N13: mittel | O13: mittel | P13: hoch | Q13: mittel | R13: hoch | S13: mittel | T13: gering | U13: 10-50 | V13: ja | W13: gering | X13: gering | Y13: gering | Z13: mittel | AA13: mittel | AB13: mittel | AC13: mittel | AD13: hoch | AE13: gering | AF13: mittel | AG13: sehr dringend | AJ13: TB 6 Tab. 1 | TB 6 Tab. 22 | TB 2–5 „Klimarisiken mit Anpassung“ | TB 2–5 „Übersicht Klimawirkungen“
A14: 12 | B14: Land | C14: Boden | D14: Rutschungen und Muren | E14: extensiv | K14: Risiko | M14: Natürliche Systeme und Ressourcen | N14: gering | O14: gering | P14: mittel | Q14: gering | R14: mittel | S14: gering | T14: gering | U14: 10-50 | V14: nein | AG14: dringend | AH14: stark ausgehend | AJ14: TB 6 Tab. 1 | TB 2–5 „Übersicht Klimawirkungen“
A15: 13 | B15: Land | C15: Boden | D15: Wassermangel im Boden | E15: intensiv | H15: Wassermangel im Boden | I15: BO-KL-02 | J15: BO-KL-02: Effektive Wasserbilanz [mm] während der Hauptvegetationsperiode | K15: Risiko | M15: Natürliche Systeme und Ressourcen | N15: mittel | O15: mittel | P15: hoch | Q15: mittel | R15: hoch | S15: gering | T15: gering | U15: 10-50 | V15: ja | W15: gering | X15: gering-mittel | Y15: gering-mittel | Z15: mittel | AA15: mittel | AB15: mittel | AC15: gering-mittel | AD15: mittel-hoch | AE15: gering | AF15: mittel | AG15: sehr dringend | AH15: stark ausgehend | AJ15: TB 6 Tab. 1 | TB 6 Tab. 22 | TB 2–5 „Klimarisiken mit Anpassung“ | TB 2–5 „Übersicht Klimawirkungen“
A16: 14 | B16: Land | C16: Boden | D16: Sickerwasser | E16: intensiv | H16: Sickerwasser | I16: BO-KL-03 | J16: BO-KL-03: Mittlere jährliche Sickerwasserrate [mm/a] | K16: Risiko | L16: ja | M16: Natürliche Systeme und Ressourcen | N16: mittel | O16: mittel | P16: hoch | Q16: mittel | R16: hoch | S16: gering | T16: gering | U16: keine Reaktion möglich | V16: nein | AG16: nicht als (sehr) dringend ausgewiesen | AH16: stark ausgehend | AJ16: TB 6 Tab. 1 | TB 2–5 „Übersicht Klimawirkungen“
A17: 15 | B17: Land | C17: Boden | D17: Vernässung | E17: intensiv | H17: Vernässung | I17: BO-KL-04 | J17: BO-KL-04: Anzahl der Tage mit Bodenfeuchte ≥ 100 Prozent nutzbare Feldkapazität | K17: Risiko | L17: ja | M17: Natürliche Systeme und Ressourcen | N17: gering | O17: gering | P17: mittel | Q17: gering | R17: mittel | S17: gering | T17: gering | U17: keine Reaktion möglich | V17: nein | AG17: nicht als (sehr) dringend ausgewiesen | AH17: stark ausgehend | AJ17: TB 6 Tab. 1 | TB 2–5 „Übersicht Klimawirkungen“
A18: 16 | B18: Land | C18: Boden | D18: Bodenbiologie: Mikrobiologische Aktivität / Biodiversität / biologische Funktionalität | E18: extensiv | K18: Risiko | M18: Natürliche Systeme und Ressourcen | N18: gering | O18: gering | P18: mittel | Q18: gering | R18: mittel | S18: sehr gering | T18: sehr gering | U18: keine Reaktion möglich | V18: nein | AG18: nicht zuordenbar (keine Anpassungsoption) | AI18: Klimarisiko mittel, aber keine Anpassungsmöglichkeit gesehen (TB6 Kap. 6.1) | AJ18: TB 6 Tab. 1 | TB 2–5 „Übersicht Klimawirkungen“
A19: 17 | B19: Land | C19: Boden | D19: Bodenstoffhaushalt: Organische Bodensubstanz, Stickstoff- und Phosphorhaushalt, Stoffausträge | E19: extensiv | K19: Risiko | M19: Natürliche Systeme und Ressourcen | N19: gering | O19: gering | P19: mittel | Q19: gering | R19: mittel | S19: gering | T19: gering | U19: < 10 | V19: nein | AG19: nicht als (sehr) dringend ausgewiesen | AJ19: TB 6 Tab. 1 | TB 2–5 „Übersicht Klimawirkungen“
A20: 18 | B20: Land | C20: Boden | D20: Bodenfunktionen: Filter- und Pufferfunktionen | E20: extensiv | K20: Risiko | M20: Natürliche Systeme und Ressourcen | N20: gering | O20: gering | P20: gering | Q20: gering | R20: mittel | S20: gering | T20: gering | U20: keine Reaktion möglich | V20: nein | AG20: nicht zuordenbar (keine Anpassungsoption) | AI20: Klimarisiko mittel, aber keine Anpassungsmöglichkeit gesehen (TB6 Kap. 6.1) | AJ20: TB 6 Tab. 1 | TB 2–5 „Übersicht Klimawirkungen“
A21: 19 | B21: Land | C21: Boden | D21: Produktionsfunktionen | E21: extensiv | K21: Risiko | M21: Naturnutzende Wirtschaftssysteme | N21: mittel | O21: mittel | P21: hoch | Q21: mittel | R21: hoch | S21: gering | T21: gering | U21: 10-50 | V21: ja | W21: gering | X21: gering-mittel | Y21: gering-mittel | Z21: mittel | AA21: gering-mittel | AB21: mittel | AC21: gering-mittel | AD21: mittel-hoch | AE21: gering | AF21: mittel-hoch | AG21: sehr dringend | AJ21: TB 6 Tab. 1 | TB 6 Tab. 22 | TB 2–5 „Klimarisiken mit Anpassung“ | TB 2–5 „Übersicht Klimawirkungen“
A22: 20 | B22: Land | C22: Landwirtschaft | D22: Hitzestress bei und Leistung von Nutztieren | E22: intensiv | F22: Hitzestress bei Milchkühen | H22: Lufttemperatur, Luftfeuchte | I22: LW-KL-01, LW-KL-02, LW-KL-03 | J22: LW-KL-01: Anzahl der Tage mit einem THI > 60 bis 70 · LW-KL-02: Anzahl der Tage mit einem THI > 70 bis 80 · LW-KL-03: Anzahl der Tage mit einem THI > 80 | K22: Risiko | M22: Naturnutzende Wirtschaftssysteme | N22: gering | O22: gering | P22: mittel | Q22: mittel | R22: hoch | S22: mittel | T22: mittel | U22: < 10 | V22: nein | AG22: nicht als (sehr) dringend ausgewiesen | AJ22: TB 6 Tab. 1 | TB 2–5 „Übersicht Klimawirkungen“
A23: 21 | B23: Land | C23: Landwirtschaft | D23: Abiotischer Stress (Pflanzen) | E23: intensiv | F23: Trocken- und Hitzestress beim Weizen | H23: Trockenheit · Hitze | I23: LW-KL-04, LW-KL-05, LW-KL-06, LW-KL-07, LW-KL-08, LW-KL-09, LW-KL-10 | J23: LW-KL-04: Tage mit Bodenfeuchte < 30 % nFK, 01.09.–30.11., Winterweizen · LW-KL-05: Tage mit Bodenfeuchte < 30 % nFK, 01.03.–30.06., Winterweizen · LW-KL-06: Tage mit Bodenfeuchte < 50 % nFK, 01.09.–30.11., Winterweizen · LW-KL-07: Tage mit Bodenfeuchte < 50 % nFK, 01.03.–30.06., Winterweizen · LW-KL-08: Mittlere Bodenfeuchte 01.09.–30.11., Winterweizen · LW-KL-09: Mittlere Bodenfeuchte 01.03.–30.06., Winterweizen · LW-KL-10: Anzahl der Heißen Tage in den Monaten Mai und Juni | K23: Risiko | M23: Naturnutzende Wirtschaftssysteme | N23: mittel | O23: mittel | P23: hoch | Q23: mittel | R23: hoch | S23: mittel | T23: mittel | U23: 10-50 | V23: ja | W23: gering | X23: gering | Y23: gering | Z23: mittel-hoch | AA23: mittel | AB23: mittel | AC23: mittel | AD23: hoch | AE23: gering | AF23: mittel | AG23: sehr dringend | AJ23: TB 6 Tab. 1 | TB 6 Tab. 22 | TB 2–5 „Klimarisiken mit Anpassung“ | TB 2–5 „Übersicht Klimawirkungen“
A24: 22 | B24: Land | C24: Landwirtschaft | D24: Verschiebung von Anbaugebieten | E24: extensiv | K24: Risiko | M24: Naturnutzende Wirtschaftssysteme | N24: gering | O24: gering | P24: mittel | Q24: mittel | R24: mittel | S24: hoch | T24: mittel | U24: < 10 | V24: nein | AG24: nicht als (sehr) dringend ausgewiesen | AJ24: TB 6 Tab. 1 | TB 2–5 „Übersicht Klimawirkungen“
A25: 23 | B25: Land | C25: Landwirtschaft | D25: Agrophänologische Phasen und Wachstumsperiode | E25: extensiv | K25: Risiko | M25: Naturnutzende Wirtschaftssysteme | N25: gering | O25: gering | P25: mittel | Q25: mittel | R25: mittel | S25: hoch | T25: mittel | U25: < 10 | V25: nein | AG25: nicht als (sehr) dringend ausgewiesen | AJ25: TB 6 Tab. 1 | TB 2–5 „Übersicht Klimawirkungen“
A26: 24 | B26: Land | C26: Landwirtschaft | D26: Stress durch Schädlinge und Krankheiten (Pflanzen) | E26: extensiv | K26: Risiko | M26: Naturnutzende Wirtschaftssysteme | N26: gering | O26: gering | P26: mittel | Q26: gering | R26: mittel | S26: mittel | T26: gering | U26: < 10 | V26: nein | AG26: nicht als (sehr) dringend ausgewiesen | AJ26: TB 6 Tab. 1 | TB 2–5 „Übersicht Klimawirkungen“
A27: 25 | B27: Land | C27: Landwirtschaft | D27: Ertragsausfälle | E27: extensiv | K27: Risiko | M27: Naturnutzende Wirtschaftssysteme | N27: mittel | O27: mittel | P27: hoch | Q27: mittel | R27: hoch | S27: gering | T27: gering | U27: 10-50 | V27: ja | W27: gering | X27: gering-mittel | Y27: gering-mittel | Z27: mittel-hoch | AA27: mittel | AB27: mittel | AC27: gering-mittel | AD27: mittel-hoch | AE27: gering | AF27: mittel | AG27: sehr dringend | AH27: stark eingehend | AJ27: TB 6 Tab. 1 | TB 6 Tab. 22 | TB 2–5 „Klimarisiken mit Anpassung“ | TB 2–5 „Übersicht Klimawirkungen“
A28: 26 | B28: Land | C28: Landwirtschaft | D28: Qualität der Ernteprodukte | E28: extensiv | K28: Risiko | M28: Naturnutzende Wirtschaftssysteme | N28: gering | O28: gering | P28: mittel | Q28: gering | R28: mittel | S28: hoch | T28: mittel | U28: < 10 | V28: nein | AG28: nicht als (sehr) dringend ausgewiesen | AH28: stark eingehend | AJ28: TB 6 Tab. 1 | TB 2–5 „Übersicht Klimawirkungen“
A29: 27 | B29: Land | C29: Wald- und Forstwirtschaft | D29: Hitze- und Trockenstress | E29: intensiv | F29: Trockenstress bei Buche, Eiche, Fichte und Kiefer | H29: Trockenheit (klimatische Wasserbilanz) | I29: FW-KL-01 | J29: FW-KL-01: Ökogramme für Buche, Eiche, Fichte und Kiefer | K29: Risiko | M29: Naturnutzende Wirtschaftssysteme | N29: mittel | O29: mittel | P29: hoch | Q29: mittel | R29: hoch | S29: mittel | T29: mittel | U29: > 50 | V29: ja | W29: gering | X29: mittel | Y29: gering-mittel | Z29: mittel | AA29: gering-mittel | AB29: mittel | AC29: gering | AD29: mittel-hoch | AE29: gering | AF29: mittel-hoch | AG29: sehr dringend | AJ29: TB 6 Tab. 1 | TB 6 Tab. 22 | TB 2–5 „Klimarisiken mit Anpassung“ | TB 2–5 „Übersicht Klimawirkungen“
A30: 28 | B30: Land | C30: Wald- und Forstwirtschaft | D30: Stress durch Schädlinge / Krankheiten | E30: intensiv | F30: Potenzielle Anzahl der Vermehrungszyklen des Buchdruckers (Ips typographus) | H30: Schädlingsdruck · Verbreitung der betroffenen Baumart | I30: FW-KL-02, FW-SO-03 | J30: FW-KL-02: Potenzielle Anzahl der Vermehrungszyklen des Buchdruckers (Ips typographus) · FW-SO-03: Flächenanteil der Baumgattung Picea (Fichte) am bestockten Holzboden | K30: Risiko | M30: Naturnutzende Wirtschaftssysteme | N30: mittel | O30: mittel | P30: hoch | Q30: mittel | R30: hoch | S30: mittel | T30: gering | U30: > 50 | V30: ja | W30: gering | X30: gering-mittel | Y30: gering-mittel | Z30: mittel | AA30: gering-mittel | AB30: mittel | AC30: gering-mittel | AD30: mittel-hoch | AE30: gering | AF30: mittel-hoch | AG30: sehr dringend | AJ30: TB 6 Tab. 1 | TB 6 Tab. 22 | TB 2–5 „Klimarisiken mit Anpassung“ | TB 2–5 „Übersicht Klimawirkungen“
A31: 29 | B31: Land | C31: Wald- und Forstwirtschaft | D31: Schäden durch Windwurf | E31: extensiv | K31: Risiko | M31: Naturnutzende Wirtschaftssysteme | N31: mittel | O31: mittel | P31: mittel | Q31: mittel | R31: mittel | S31: mittel | T31: gering | U31: > 50 | V31: nein | AG31: dringend | AJ31: TB 6 Tab. 1 | TB 2–5 „Übersicht Klimawirkungen“
A32: 30 | B32: Land | C32: Wald- und Forstwirtschaft | D32: Waldbrandrisiko | E32: extensiv | K32: Risiko | M32: Naturnutzende Wirtschaftssysteme | N32: gering | O32: gering | P32: mittel | Q32: mittel | R32: hoch | S32: mittel | T32: gering | U32: > 50 | V32: ja | W32: gering-mittel | X32: gering-mittel | Y32: gering | Z32: mittel | AA32: gering-mittel | AB32: gering | AC32: gering | AD32: mittel | AE32: gering | AF32: gering-mittel | AG32: sehr dringend | AJ32: TB 6 Tab. 1 | TB 6 Tab. 22 | TB 2–5 „Klimarisiken mit Anpassung“ | TB 2–5 „Übersicht Klimawirkungen“
A33: 31 | B33: Land | C33: Wald- und Forstwirtschaft | D33: Nutzfunktion: Holzertrag | E33: extensiv | K33: Risiko | M33: Naturnutzende Wirtschaftssysteme | N33: mittel | O33: mittel | P33: hoch | Q33: mittel | R33: hoch | S33: mittel | T33: gering | U33: 10-50 | V33: ja | W33: gering | X33: mittel | Y33: gering-mittel | Z33: mittel | AA33: gering-mittel | AB33: mittel | AC33: gering | AD33: mittel-hoch | AE33: gering | AF33: mittel-hoch | AG33: sehr dringend | AH33: stark eingehend | AJ33: TB 6 Tab. 1 | TB 6 Tab. 22 | TB 2–5 „Klimarisiken mit Anpassung“ | TB 2–5 „Übersicht Klimawirkungen“
A34: 32 | B34: Land | C34: Wald- und Forstwirtschaft | D34: Nutzfunktion: Erholung | E34: extensiv | K34: Risiko | M34: Naturnutzende Wirtschaftssysteme | N34: gering | O34: gering | P34: mittel | Q34: gering | R34: mittel | S34: mittel | T34: gering | U34: > 50 | V34: nein | AG34: dringend | AJ34: TB 6 Tab. 1 | TB 2–5 „Übersicht Klimawirkungen“
A35: 33 | B35: Wasser | C35: Fischerei | D35: Entkopplung von Nahrungsbeziehungen in der Ostsee | E35: intensiv | F35: Am Beispiel des Herings; Raumbezug westliche Ostsee; Ansatz Produktivität; Fokus Phänologie | K35: Risiko | M35: Naturnutzende Wirtschaftssysteme | N35: mittel | O35: hoch | P35: hoch | Q35: mittel | R35: hoch | S35: hoch | T35: sehr gering | U35: < 10 | V35: ja | W35: gering | X35: gering | Y35: gering | Z35: mittel | AA35: gering-mittel | AB35: mittel | AC35: hoch | AD35: hoch | AE35: mittel | AF35: mittel-hoch | AG35: dringend | AJ35: TB 6 Tab. 1 | TB 6 Tab. 22 | TB 2–5 „Klimarisiken mit Anpassung“ | TB 2–5 „Übersicht Klimawirkungen“
A36: 34 | B36: Wasser | C36: Fischerei | D36: Verbreitung wärmeliebender Arten in der Nordsee | E36: intensiv | F36: Am Beispiel des Seehechts; Raumbezug mittlere Nordsee; Ansatz Habitat/Vorkommen; Fokus Physiologie | H36: Verbreitung des Seehechts in der Deutschen Bucht | I36: FI-KL-01 | J36: FI-KL-01: Relative Habitateignung der Deutschen Bucht | K36: Risiko | M36: Naturnutzende Wirtschaftssysteme | N36: gering | O36: mittel | P36: mittel | Q36: mittel | R36: mittel | S36: mittel | T36: gering | U36: < 10 | V36: nein | AG36: nicht als (sehr) dringend ausgewiesen | AJ36: TB 6 Tab. 1 | TB 2–5 „Übersicht Klimawirkungen“
A37: 35 | B37: Wasser | C37: Fischerei | D37: Verbreitung von Fischarten in Fließgewässern | E37: intensiv | F37: Am Beispiel von Bachforelle, Brachse, Groppe und Strömer in Baden-Württemberg | H37: Potenzielle Verbreitung von Bachforelle, Brachse, Groppe und Strömer | I37: FI-KL-02 | J37: FI-KL-02: Habitateignung der Fließgewässer Baden-Württembergs | K37: Risiko | M37: Naturnutzende Wirtschaftssysteme | N37: gering | O37: mittel | P37: hoch | Q37: mittel | R37: hoch | S37: hoch | T37: gering | U37: 10-50 | V37: ja | W37: gering-mittel | X37: gering-mittel | Y37: gering-mittel | Z37: mittel | AA37: gering-mittel | AB37: gering | AC37: gering-mittel | AD37: mittel-hoch | AE37: gering | AF37: mittel-hoch | AG37: sehr dringend | AJ37: TB 6 Tab. 1 | TB 6 Tab. 22 | TB 2–5 „Klimarisiken mit Anpassung“ | TB 2–5 „Übersicht Klimawirkungen“
A38: 36 | B38: Wasser | C38: Fischerei | D38: Stress durch Schädlinge / Krankheiten | E38: extensiv | K38: Risiko | M38: Naturnutzende Wirtschaftssysteme | N38: gering | O38: gering | P38: mittel | Q38: mittel | R38: hoch | S38: mittel | T38: sehr gering | U38: < 10 | V38: nein | AG38: nicht als (sehr) dringend ausgewiesen | AJ38: TB 6 Tab. 1 | TB 2–5 „Übersicht Klimawirkungen“
A39: 37 | B39: Wasser | C39: Fischerei | D39: Schäden an Aquakulturen | E39: extensiv | K39: Risiko | M39: Naturnutzende Wirtschaftssysteme | N39: gering | O39: gering | P39: mittel | Q39: mittel | R39: mittel | S39: mittel | T39: gering | U39: < 10 | V39: nein | AG39: nicht als (sehr) dringend ausgewiesen | AJ39: TB 6 Tab. 1 | TB 2–5 „Übersicht Klimawirkungen“
A40: 38 | B40: Wasser | C40: Küsten- und Meeresschutz | D40: Meerestemperatur und Eisbedeckung | E40: intensiv | H40: Meerestemperatur | I40: KUE-KL-01 | J40: KUE-KL-01: Meerestemperatur in der Deutschen Bucht und der südwestlichen Ostsee | K40: Risiko | L40: ja | M40: Natürliche Systeme und Ressourcen | N40: mittel | O40: hoch | P40: hoch | Q40: hoch | R40: hoch | S40: hoch | T40: hoch | U40: > 50 | V40: nein | AG40: nicht als (sehr) dringend ausgewiesen | AH40: stark ausgehend | AJ40: TB 6 Tab. 1 | TB 2–5 „Übersicht Klimawirkungen“
A41: 39 | B41: Wasser | C41: Küsten- und Meeresschutz | D41: Wasserqualität und Grundwasserversalzung | E41: extensiv | K41: Risiko | M41: Natürliche Systeme und Ressourcen | N41: mittel | O41: mittel | P41: hoch | Q41: hoch | R41: hoch | S41: mittel | T41: gering | U41: > 50 | V41: ja | W41: gering | X41: gering-mittel | Y41: gering-mittel | Z41: mittel | AA41: mittel | AB41: mittel | AC41: gering-mittel | AD41: mittel-hoch | AE41: gering | AF41: mittel | AG41: sehr dringend | AH41: stark ausgehend | AJ41: TB 6 Tab. 1 | TB 6 Tab. 22 | TB 2–5 „Klimarisiken mit Anpassung“ | TB 2–5 „Übersicht Klimawirkungen“
A42: 40 | B42: Wasser | C42: Küsten- und Meeresschutz | D42: Meeresspiegelhöhe | E42: intensiv | K42: Risiko | L42: ja | M42: Natürliche Systeme und Ressourcen | N42: mittel | O42: mittel | P42: hoch | Q42: hoch | R42: hoch | S42: hoch | T42: mittel | U42: 10-50 | V42: nein | AG42: nicht als (sehr) dringend ausgewiesen | AH42: stark ausgehend | AJ42: TB 6 Tab. 1 | TB 2–5 „Übersicht Klimawirkungen“
A43: 41 | B43: Wasser | C43: Küsten- und Meeresschutz | D43: Strömungen und Gezeitendynamik | E43: extensiv | K43: Risiko | L43: ja | M43: Natürliche Systeme und Ressourcen | N43: mittel | O43: mittel | P43: mittel | Q43: mittel | R43: mittel | S43: gering | T43: gering | U43: > 50 | V43: nein | AG43: nicht als (sehr) dringend ausgewiesen | AJ43: TB 6 Tab. 1 | TB 2–5 „Übersicht Klimawirkungen“
A44: 42 | B44: Wasser | C44: Küsten- und Meeresschutz | D44: Seegang | E44: extensiv | K44: Risiko | L44: ja | M44: Natürliche Systeme und Ressourcen | N44: gering | O44: gering | P44: mittel | Q44: gering | R44: mittel | S44: gering | T44: gering | U44: > 50 | V44: nein | AG44: nicht als (sehr) dringend ausgewiesen | AJ44: TB 6 Tab. 1 | TB 2–5 „Übersicht Klimawirkungen“
A45: 43 | B45: Wasser | C45: Küsten- und Meeresschutz | D45: Sturmfluten | E45: extensiv | K45: Risiko | L45: ja | M45: Natürliche Systeme und Ressourcen | N45: mittel | O45: mittel | P45: mittel | Q45: mittel | R45: mittel | S45: gering | T45: gering | U45: > 50 | V45: nein | AG45: nicht als (sehr) dringend ausgewiesen | AH45: stark ausgehend | AJ45: TB 6 Tab. 1 | TB 2–5 „Übersicht Klimawirkungen“
A46: 44 | B46: Wasser | C46: Küsten- und Meeresschutz | D46: Naturräumliche Veränderungen an Küsten | E46: intensiv | H46: Relativer Meeresspiegelanstieg · Niederschlag · Überflutungsdauern an der Deutschen Bucht · Küstenverändernde Prozesse Ostseeküste | I46: KUE-KL-02, KUE-KL-03, KUE-KL-04, KUE-KL-05 | J46: KUE-KL-02: Ergebnisse aus der vorgelagerten Klimawirkung „Meeresspiegelhöhe“ · KUE-KL-03: Anzahl der Tage mit einem Tagesniederschlag über Schwellenwert · KUE-KL-04: Mittlere Überflutungsdauer des Wattenmeers je Tide · KUE-KL-05: Abtrag, Anlandung und Ausgleich für ausgewählte Küstenabschnitte | K46: Risiko | M46: Natürliche Systeme und Ressourcen | N46: mittel | O46: mittel | P46: hoch | Q46: mittel | R46: hoch | S46: mittel | T46: gering | U46: > 50 | V46: ja | W46: gering | X46: gering | Y46: gering | Z46: mittel | AA46: mittel | AB46: mittel | AC46: mittel | AD46: hoch | AE46: gering | AF46: mittel | AG46: sehr dringend | AJ46: TB 6 Tab. 1 | TB 6 Tab. 22 | TB 2–5 „Klimarisiken mit Anpassung“ | TB 2–5 „Übersicht Klimawirkungen“
A47: 45 | B47: Wasser | C47: Küsten- und Meeresschutz | D47: Höhere Belastung oder Versagen von Küstenschutzsystemen | E47: extensiv | K47: Risiko | M47: Infrastrukturen und Gebäude | N47: gering | O47: gering | P47: mittel | Q47: mittel | R47: mittel | S47: mittel | T47: gering | U47: > 50 | V47: nein | AG47: dringend | AJ47: TB 6 Tab. 1 | TB 2–5 „Übersicht Klimawirkungen“
A48: 46 | B48: Wasser | C48: Küsten- und Meeresschutz | D48: Beschädigung oder Zerstörung von Siedlung und Infrastruktur an der Küste | E48: intensiv | H48: Potenzielle Überflutungsflächen / Wasserstand · Risikopotenzial durch ein seeseitiges Hochwasserereignis · Vorkommen von Siedlung und Infrastruktur in der Küstenzone | I48: KUE-KL-06, KUE-SO-07, KUE-SO-08 | J48: KUE-KL-06: Seeseitige Überflutungsgebiete für ein Ereignis nach HWRM-RL · KUE-SO-07: Potenzielle nachteilige Folgen von einem seeseitigen Hochwasserereignis · KUE-SO-08: Siedlungs- und Verkehrsfläche in potenziellen Überflutungsgebieten | K48: Risiko | M48: Infrastrukturen und Gebäude | N48: gering | O48: gering | P48: mittel | Q48: mittel | R48: hoch | S48: gering | T48: gering | U48: > 50 | V48: nein | AG48: sehr dringend | AJ48: TB 6 Tab. 1 | TB 2–5 „Übersicht Klimawirkungen“ | AK48: In zweiter Bewertungsschleife der Anpassungsdauer hochgestuft; Anpassungskapazität nicht bewertet (Fußnote Tabelle 25)
A49: 47 | B49: Wasser | C49: Küsten- und Meeresschutz | D49: Überlastung der Entwässerungseinrichtungen in überflutungsgefährdeten Gebieten | E49: intensiv | H49: Relativer Meeresspiegelanstieg an der deutschen Küste · Niederschlag und Binnenzufluss · Niederschlag | I49: KUE-KL-02, KUE-KL-03, KUE-KL-09 | J49: KUE-KL-02: Ergebnisse aus der vorgelagerten Klimawirkung · KUE-KL-03: Anzahl der Tage mit einem Tagesniederschlag · KUE-KL-09: Mittlere Niederschlagssumme im Winter | K49: Risiko | M49: Infrastrukturen und Gebäude | N49: mittel | O49: mittel | P49: hoch | Q49: hoch | R49: hoch | S49: mittel | T49: mittel | U49: 10-50 | V49: ja | W49: gering-mittel | X49: gering-mittel | Y49: gering-mittel | Z49: mittel-hoch | AA49: mittel-hoch | AB49: gering-mittel | AC49: gering-mittel | AD49: mittel-hoch | AE49: gering | AF49: gering-mittel | AG49: sehr dringend | AJ49: TB 6 Tab. 1 | TB 6 Tab. 22 | TB 2–5 „Klimarisiken mit Anpassung“ | TB 2–5 „Übersicht Klimawirkungen“
A50: 48 | B50: Wasser | C50: Wasserhaushalt, Wasserwirtschaft | D50: Niedrigwasser | E50: intensiv | H50: Niedrigwasser | I50: WW-KL-01 | J50: WW-KL-01: NM7Q – niedrigster Mittelwert von sieben aufeinanderfolgenden Tagen | K50: Risiko | L50: ja | M50: Natürliche Systeme und Ressourcen | N50: mittel | O50: mittel | P50: hoch | Q50: mittel | R50: hoch | S50: mittel | T50: gering | U50: 10-50 | V50: nein | AG50: nicht als (sehr) dringend ausgewiesen | AH50: stark ausgehend | AJ50: TB 6 Tab. 1 | TB 2–5 „Übersicht Klimawirkungen“
A51: 49 | B51: Wasser | C51: Wasserhaushalt, Wasserwirtschaft | D51: Hochwasser | E51: intensiv | H51: Mittleres Hochwasser · Hundertjährliches Hochwasser | I51: WW-KL-02, WW-KL-03 | J51: WW-KL-02: Mittleres jährliches Hochwasser (MHQ) · WW-KL-03: Hochwasserabfluss mit einer Jährlichkeit von 100 Jahren | K51: Risiko | L51: ja | M51: Natürliche Systeme und Ressourcen | N51: mittel | O51: mittel | P51: mittel | Q51: mittel | R51: mittel | S51: mittel | T51: gering | U51: 10-50 | V51: nein | AG51: nicht als (sehr) dringend ausgewiesen | AH51: stark ausgehend | AJ51: TB 6 Tab. 1 | TB 2–5 „Übersicht Klimawirkungen“
A52: 50 | B52: Wasser | C52: Wasserhaushalt, Wasserwirtschaft | D52: Belastung oder Versagen von Hochwasserschutzsystemen | E52: extensiv | K52: Risiko | M52: Infrastrukturen und Gebäude | N52: mittel | O52: mittel | P52: hoch | Q52: mittel | R52: hoch | S52: gering | T52: gering | U52: 10-50 | V52: ja | W52: gering-mittel | X52: mittel-hoch | Y52: mittel-hoch | Z52: mittel-hoch | AA52: mittel-hoch | AB52: gering-mittel | AC52: gering | AD52: gering-mittel | AE52: gering | AF52: gering-mittel | AG52: sehr dringend | AJ52: TB 6 Tab. 1 | TB 6 Tab. 22 | TB 2–5 „Klimarisiken mit Anpassung“ | TB 2–5 „Übersicht Klimawirkungen“
A53: 51 | B53: Wasser | C53: Wasserhaushalt, Wasserwirtschaft | D53: Sturzfluten (Versagen von Entwässerungseinrichtungen und Überflutungsschutzsystemen) | E53: extensiv | K53: Risiko | M53: Natürliche Systeme und Ressourcen | N53: mittel | O53: mittel | P53: hoch | Q53: hoch | R53: hoch | S53: gering | T53: gering | U53: 10-50 | V53: ja | W53: gering | X53: gering | Y53: gering | Z53: gering-mittel | AA53: gering-mittel | AB53: mittel | AC53: mittel | AD53: hoch | AE53: gering-mittel | AF53: mittel-hoch | AG53: sehr dringend | AJ53: TB 6 Tab. 1 | TB 6 Tab. 22 | TB 2–5 „Klimarisiken mit Anpassung“ | TB 2–5 „Übersicht Klimawirkungen“
A54: 52 | B54: Wasser | C54: Wasserhaushalt, Wasserwirtschaft | D54: Einschränkungen der Funktionsfähigkeit von Kanalnetzen und Vorflutern und Kläranlagen | E54: extensiv | K54: Risiko | M54: Infrastrukturen und Gebäude | N54: gering | O54: gering | P54: mittel | Q54: gering | R54: mittel | S54: gering | T54: gering | U54: 10-50 | V54: nein | AG54: dringend | AJ54: TB 6 Tab. 1 | TB 2–5 „Übersicht Klimawirkungen“
A55: 53 | B55: Wasser | C55: Wasserhaushalt, Wasserwirtschaft | D55: Gewässertemperatur und Eisbedeckung und biologische Wasserqualität | E55: intensiv | F55: Intensiv: Auswirkungen auf ausgewählte Bundeswasserstraßen; extensiv: Auswirkungen auf Seen | H55: Gewässertemperatur | I55: WW-KL-04, WW-KL-05 | J55: WW-KL-04: Tage pro Jahr mit einer Wassertemperatur über 25 °C · WW-KL-05: Tage pro Jahr mit einer Wassertemperatur über 28 °C | K55: Risiko | M55: Natürliche Systeme und Ressourcen | N55: mittel | O55: mittel | P55: hoch | Q55: mittel | R55: hoch | S55: mittel | T55: mittel | U55: 10-50 | V55: ja | W55: gering | X55: gering-mittel | Y55: gering | Z55: mittel | AA55: mittel | AB55: mittel | AC55: gering-mittel | AD55: hoch | AE55: gering | AF55: mittel | AG55: sehr dringend | AH55: stark ausgehend | AJ55: TB 6 Tab. 1 | TB 6 Tab. 22 | TB 2–5 „Klimarisiken mit Anpassung“ | TB 2–5 „Übersicht Klimawirkungen“
A56: 54 | B56: Wasser | C56: Wasserhaushalt, Wasserwirtschaft | D56: Chemische Wasserqualität | E56: extensiv | K56: Risiko | M56: Natürliche Systeme und Ressourcen | N56: mittel | O56: mittel | P56: mittel | Q56: mittel | R56: mittel | S56: gering | T56: gering | U56: < 10 | V56: nein | AG56: dringend | AJ56: TB 6 Tab. 1 | TB 2–5 „Übersicht Klimawirkungen“
A57: 55 | B57: Wasser | C57: Wasserhaushalt, Wasserwirtschaft | D57: Grundwasserstand und Grundwasserqualität | E57: extensiv | K57: Risiko | M57: Natürliche Systeme und Ressourcen | N57: gering | O57: gering | P57: hoch | Q57: gering | R57: hoch | S57: gering | T57: gering | U57: 10-50 | V57: ja | W57: gering | X57: gering | Y57: gering | Z57: gering-mittel | AA57: gering | AB57: gering | AC57: gering | AD57: hoch | AE57: gering | AF57: hoch | AG57: sehr dringend | AH57: stark eingehend | AJ57: TB 6 Tab. 1 | TB 6 Tab. 22 | TB 2–5 „Klimarisiken mit Anpassung“ | TB 2–5 „Übersicht Klimawirkungen“
A58: 56 | B58: Wasser | C58: Wasserhaushalt, Wasserwirtschaft | D58: Mangel an Bewässerungswasser | E58: extensiv | K58: Risiko | M58: Naturnutzende Wirtschaftssysteme | N58: gering | O58: gering | P58: mittel | Q58: mittel | R58: hoch | S58: gering | T58: gering | U58: 10-50 | V58: nein | AG58: dringend | AJ58: TB 6 Tab. 1 | TB 2–5 „Übersicht Klimawirkungen“
A59: 57 | B59: Wasser | C59: Wasserhaushalt, Wasserwirtschaft | D59: Trinkwasser | E59: extensiv | K59: Risiko | M59: Naturnutzende Wirtschaftssysteme | N59: gering | O59: gering | P59: mittel | Q59: gering | R59: mittel | S59: gering | T59: gering | U59: < 10 | V59: nein | AG59: nicht als (sehr) dringend ausgewiesen | AJ59: TB 6 Tab. 1 | TB 2–5 „Übersicht Klimawirkungen“
A60: 58 | B60: Wasser | C60: Wasserhaushalt, Wasserwirtschaft | D60: Produktionswasser | E60: extensiv | K60: Risiko | M60: Naturnutzende Wirtschaftssysteme | N60: gering | O60: gering | P60: mittel | Q60: gering | R60: mittel | S60: gering | T60: gering | U60: < 10 | V60: nein | AG60: nicht als (sehr) dringend ausgewiesen | AJ60: TB 6 Tab. 1 | TB 2–5 „Übersicht Klimawirkungen“
A61: 59 | B61: Infrastruktur | C61: Bauwesen | D61: Schäden an Gebäuden aufgrund von Starkregen | E61: intensiv | F61: Schäden an Gebäuden – 1) aufgrund von Starkregen | G61: „Schäden an Gebäuden und Infrastrukturen der Bau- und Immobilienwirtschaft“ | K61: Risiko | M61: Infrastrukturen und Gebäude | N61: mittel | O61: mittel | P61: mittel | Q61: mittel | R61: mittel | S61: mittel | T61: gering | U61: 10-50 | V61: nein | AG61: dringend | AJ61: TB 6 Tab. 1 | TB 2–5 „Übersicht Klimawirkungen“
A62: 60 | B62: Infrastruktur | C62: Bauwesen | D62: Schäden an Gebäuden aufgrund von Flusshochwasser | E62: intensiv | F62: Schäden an Gebäuden – 2) aufgrund von Flusshochwasser | G62: „Schäden an Gebäuden und Infrastrukturen der Bau- und Immobilienwirtschaft“ | K62: Risiko | M62: Infrastrukturen und Gebäude | N62: mittel | O62: mittel | P62: hoch | Q62: mittel | R62: hoch | S62: mittel | T62: gering | U62: 10-50 | V62: ja | W62: gering | X62: gering-mittel | Y62: gering-mittel | Z62: mittel | AA62: mittel | AB62: mittel | AC62: gering-mittel | AD62: mittel-hoch | AE62: gering | AF62: mittel | AG62: sehr dringend | AJ62: TB 6 Tab. 1 | TB 6 Tab. 22 | TB 2–5 „Klimarisiken mit Anpassung“ | TB 2–5 „Übersicht Klimawirkungen“
A63: 61 | B63: Infrastruktur | C63: Bauwesen | D63: Vegetation in Siedlungen | E63: intensiv | F63: Stadtklimatische Funktionen von Siedlungsvegetation | H63: Trockenheit · Hitze · Vorkommen von Siedlungsflächen | I63: BAU-KL-01, BAU-KL-02, BAU-KL-03, BAU-SO-04 | J63: BAU-KL-01: Maximale Trockenperiode (CDD) im hydrologischen Sommerhalbjahr · BAU-KL-02: Klimatische Wasserbilanz in der Vegetationsperiode · BAU-KL-03: Anzahl Heiße Tage im Sommer (Juni–August) · BAU-SO-04: Siedlungsflächen | K63: Risiko | M63: Naturnutzende Wirtschaftssysteme | N63: gering | O63: mittel | P63: mittel | Q63: mittel | R63: hoch | S63: hoch | T63: hoch | U63: > 50 | V63: ja | W63: gering | X63: gering-mittel | Y63: gering | Z63: mittel | AA63: gering-mittel | AB63: gering | AC63: gering-mittel | AD63: mittel | AE63: gering | AF63: gering-mittel | AG63: sehr dringend | AJ63: TB 6 Tab. 1 | TB 6 Tab. 22 | TB 2–5 „Klimarisiken mit Anpassung“ | TB 2–5 „Übersicht Klimawirkungen“
A64: 62 | B64: Infrastruktur | C64: Bauwesen | D64: Stadtklima / Wärmeinseln | E64: intensiv | F64: Vorgelagerte Klimawirkung | H64: Wärmebelastung in Städten | I64: BAU-KL-05 | J64: BAU-KL-05: Maximale Wärmeinselintensität (UHImax) | K64: Risiko | M64: Infrastrukturen und Gebäude | N64: mittel | O64: mittel | P64: hoch | Q64: hoch | R64: hoch | S64: mittel | T64: mittel | U64: 10-50 | V64: ja | W64: gering-mittel | X64: mittel | Y64: gering-mittel | Z64: mittel | AA64: mittel | AB64: gering-mittel | AC64: gering | AD64: mittel-hoch | AE64: gering | AF64: mittel | AG64: sehr dringend | AJ64: TB 6 Tab. 1 | TB 6 Tab. 22 | TB 2–5 „Klimarisiken mit Anpassung“ | TB 2–5 „Übersicht Klimawirkungen“
A65: 63 | B65: Infrastruktur | C65: Bauwesen | D65: Innenraumklima | E65: extensiv | K65: Risiko | M65: Infrastrukturen und Gebäude | N65: mittel | O65: mittel | P65: hoch | Q65: mittel | R65: hoch | S65: mittel | T65: mittel | U65: 10-50 | V65: nein | AG65: sehr dringend | AJ65: TB 6 Tab. 1 | TB 2–5 „Übersicht Klimawirkungen“ | AK65: In zweiter Bewertungsschleife der Anpassungsdauer hochgestuft; Anpassungskapazität nicht bewertet (Fußnote Tabelle 25)
A66: 64 | B66: Infrastruktur | C66: Bauwesen | D66: Zeiten für Bautätigkeit | E66: extensiv | K66: Risiko | M66: Naturferne Wirtschaftssysteme | N66: gering | O66: gering | P66: gering | Q66: gering | R66: gering | S66: mittel | T66: mittel | U66: < 10 | V66: nein | AG66: nicht als (sehr) dringend ausgewiesen | AJ66: TB 6 Tab. 1 | TB 2–5 „Übersicht Klimawirkungen“
A67: 65 | B67: Infrastruktur | C67: Energiewirtschaft | D67: Bedarf an Kühlenergie | E67: intensiv | H67: Kühlbedarf | I67: EW-KL-01 | J67: EW-KL-01: Kühlgradtage (Cooling Degree Days, CDD) | K67: Risiko | M67: Infrastrukturen und Gebäude | N67: gering | O67: gering | P67: gering | Q67: mittel | R67: mittel | S67: gering | T67: gering | U67: 10-50 | V67: nein | AG67: nicht als (sehr) dringend ausgewiesen | AJ67: TB 6 Tab. 1 | TB 2–5 „Übersicht Klimawirkungen“
A68: 66 | B68: Infrastruktur | C68: Energiewirtschaft | D68: Bedarf an Heizenergie | E68: extensiv | H68: Heizbedarf | I68: EW-KL-02 | J68: EW-KL-02: Heizgradtage (Heating Degree Days, HDD) | K68: Chance | M68: Infrastrukturen und Gebäude | N68: gering | O68: gering | P68: gering | Q68: mittel | R68: gering | S68: gering | T68: gering | U68: < 10 | V68: nein | AG68: nicht als (sehr) dringend ausgewiesen | AJ68: TB 6 Tab. 1 | TB 6 Tab. 2 | TB 2–5 „Übersicht Klimawirkungen“ | AK68: Chance: Skala chancenreicher/chancenarmer Fall statt optimistisch/pessimistisch (Tabelle 2)
A69: 67 | B69: Infrastruktur | C69: Energiewirtschaft | D69: Unterbrechung der regionalen Lieferketten für Energieträger | E69: extensiv | K69: Risiko | M69: Infrastrukturen und Gebäude | N69: gering | O69: gering | P69: gering | Q69: gering | R69: gering | S69: mittel | T69: mittel | U69: < 10 | V69: nein | AG69: nicht als (sehr) dringend ausgewiesen | AJ69: TB 6 Tab. 1 | TB 2–5 „Übersicht Klimawirkungen“
A70: 68 | B70: Infrastruktur | C70: Energiewirtschaft | D70: Mangelndes Kühlwasser für thermische Kraftwerke | E70: extensiv | K70: Risiko | M70: Naturnutzende Wirtschaftssysteme | N70: gering | O70: gering | P70: gering | Q70: gering | R70: gering | S70: mittel | T70: mittel | U70: 10-50 | V70: nein | AG70: nicht als (sehr) dringend ausgewiesen | AJ70: TB 6 Tab. 1 | TB 2–5 „Übersicht Klimawirkungen“
A71: 69 | B71: Infrastruktur | C71: Energiewirtschaft | D71: Ertragsminderung / -zunahme bei Photovoltaikanlagen und bei Windenergieanlagen an Land und auf See | E71: extensiv | K71: Risiko | M71: Infrastrukturen und Gebäude | N71: gering | O71: gering | P71: gering | Q71: gering | R71: gering | S71: gering | T71: gering | U71: 10-50 | V71: nein | AG71: nicht als (sehr) dringend ausgewiesen | AJ71: TB 6 Tab. 1 | TB 2–5 „Übersicht Klimawirkungen“
A72: 70 | B72: Infrastruktur | C72: Energiewirtschaft | D72: Fehlende Zuverlässigkeit der Energieversorgung | E72: extensiv | K72: Risiko | M72: Infrastrukturen und Gebäude | N72: gering | O72: gering | P72: gering | Q72: gering | R72: gering | S72: gering | T72: gering | U72: 10-50 | V72: nein | AG72: nicht als (sehr) dringend ausgewiesen | AJ72: TB 6 Tab. 1 | TB 2–5 „Übersicht Klimawirkungen“
A73: 71 | B73: Infrastruktur | C73: Verkehr, Verkehrsinfrastruktur | D73: Schiffbarkeit der Binnenschifffahrtsstraßen (Niedrigwasser) | E73: intensiv | H73: Niedrigwasser | I73: VE-KL-01 | J73: VE-KL-01: Tage mit Unterschreitung des Schwellenwerts Q20 | K73: Risiko | M73: Naturnutzende Wirtschaftssysteme | N73: mittel | O73: mittel | P73: hoch | Q73: mittel | R73: hoch | S73: mittel | T73: gering | U73: 10-50 | V73: ja | W73: mittel | X73: mittel-hoch | Y73: mittel | Z73: mittel-hoch | AA73: hoch | AB73: gering | AC73: gering | AD73: mittel | AE73: gering | AF73: gering | AG73: sehr dringend | AJ73: TB 6 Tab. 1 | TB 6 Tab. 22 | TB 2–5 „Klimarisiken mit Anpassung“ | TB 2–5 „Übersicht Klimawirkungen“
A74: 72 | B74: Infrastruktur | C74: Verkehr, Verkehrsinfrastruktur | D74: Schiffbarkeit der Binnenschifffahrtsstraßen (Hochwasser) | E74: intensiv | H74: Hochwasser | I74: VE-KL-02 | J74: VE-KL-02: Tage mit Überschreitung des Schwellenwerts Q01 | K74: Risiko | M74: Naturnutzende Wirtschaftssysteme | N74: gering | O74: gering | P74: gering | Q74: gering | R74: mittel | S74: mittel | T74: gering | U74: 10-50 | V74: nein | AG74: nicht als (sehr) dringend ausgewiesen | AJ74: TB 6 Tab. 1 | TB 2–5 „Übersicht Klimawirkungen“
A75: 73 | B75: Infrastruktur | C75: Verkehr, Verkehrsinfrastruktur | D75: Schiffbarkeit der Seeschifffahrtsstraßen | E75: extensiv | K75: Risiko | M75: Naturnutzende Wirtschaftssysteme | N75: gering | O75: gering | P75: gering | Q75: gering | R75: mittel | S75: mittel | T75: gering | U75: 10-50 | V75: nein | AG75: nicht als (sehr) dringend ausgewiesen | AH75: stark eingehend | AJ75: TB 6 Tab. 1 | TB 2–5 „Übersicht Klimawirkungen“
A76: 74 | B76: Infrastruktur | C76: Verkehr, Verkehrsinfrastruktur | D76: Schäden / Hindernisse bei Straßen und Schienenwegen (Hochwasser) | E76: intensiv | H76: Hochwasser | I76: VE-KL-03 | J76: VE-KL-03: Tage über HQ10 | K76: Risiko | M76: Infrastrukturen und Gebäude | N76: gering | O76: gering | P76: mittel | Q76: gering | R76: mittel | S76: mittel | T76: gering | U76: 10-50 | V76: nein | AG76: dringend | AJ76: TB 6 Tab. 1 | TB 2–5 „Übersicht Klimawirkungen“
A77: 75 | B77: Infrastruktur | C77: Verkehr, Verkehrsinfrastruktur | D77: Schäden / Hindernisse bei Straßen und Schienenwegen (Gravitative Massenbewegungen) | E77: intensiv | H77: Potenziell gefährdete Strecken | I77: VE-KL-04 | J77: VE-KL-04: Gesamtlängen der potenziell stark bis sehr stark gefährdeten Bundesverkehrswege | K77: Risiko | M77: Infrastrukturen und Gebäude | N77: gering | O77: gering | P77: mittel | Q77: gering | R77: mittel | S77: mittel | T77: gering | U77: 10-50 | V77: nein | AG77: dringend | AJ77: TB 6 Tab. 1 | TB 2–5 „Übersicht Klimawirkungen“
A78: 76 | B78: Infrastruktur | C78: Verkehr, Verkehrsinfrastruktur | D78: Schäden an Verkehrsleitsystemen, Oberleitungen und Stromversorgungsanlagen | E78: extensiv | K78: Risiko | M78: Infrastrukturen und Gebäude | N78: gering | O78: gering | P78: mittel | Q78: gering | R78: mittel | S78: gering | T78: gering | U78: 10-50 | V78: nein | AG78: dringend | AJ78: TB 6 Tab. 1 | TB 2–5 „Übersicht Klimawirkungen“
A79: 77 | B79: Infrastruktur | C79: Verkehr, Verkehrsinfrastruktur | D79: Schäden an Binnen- und Seeschifffahrtsstraßen, Häfen und maritimen Infrastrukturen | E79: extensiv | K79: Risiko | M79: Infrastrukturen und Gebäude | N79: gering | O79: gering | P79: gering | Q79: gering | R79: mittel | S79: mittel | T79: gering | U79: 10-50 | V79: nein | AG79: nicht als (sehr) dringend ausgewiesen | AJ79: TB 6 Tab. 1 | TB 2–5 „Übersicht Klimawirkungen“
A80: 78 | B80: Wirtschaft | C80: Industrie und Gewerbe | D80: Beeinträchtigung der Versorgung mit Rohstoffen und Zwischenprodukten (international) | E80: intensiv | H80: Vulnerabilität in Importländern · Wirtschaftliche Bedeutung · Konzentration der Importe | I80: IG-KL-01, IG-KL-02, IG-SO-03, IG-SO-04 | J80: IG-KL-01: Mit Importvolumen gewichteter Mittelwert des ND-GAIN-Index · IG-KL-02: Mit Importvolumen gewichteter Mittelwert des Klima-Teilindex · IG-SO-03: Importvolumen in US-Dollar · IG-SO-04: Herfindahl-Hirschmann-Index für die Marktkonzentration | K80: Risiko | M80: Naturferne Wirtschaftssysteme | N80: mittel | O80: mittel | P80: hoch | Q80: mittel | R80: hoch | S80: gering | T80: gering | U80: < 10 | V80: ja | W80: gering | X80: gering | Y80: gering | Z80: mittel | AA80: gering-mittel | AB80: mittel | AC80: mittel | AD80: hoch | AE80: gering | AF80: mittel-hoch | AG80: dringend | AJ80: TB 6 Tab. 1 | TB 6 Tab. 22 | TB 2–5 „Klimarisiken mit Anpassung“ | TB 2–5 „Übersicht Klimawirkungen“
A81: 79 | B81: Wirtschaft | C81: Industrie und Gewerbe | D81: Bedingungen auf Absatzmärkten (international) | E81: intensiv | H81: Vulnerabilität in Exportländern · Wirtschaftliche Bedeutung · Konzentration der Exporte | I81: IG-KL-05, IG-KL-06, IG-SO-07, IG-SO-08 | J81: IG-KL-05: Mit Exportvolumen gewichteter Mittelwert des ND-GAIN-Index · IG-KL-06: Mit Exportvolumen gewichteter Mittelwert des Klima-Teilindex · IG-SO-07: Exportvolumen in US-Dollar · IG-SO-08: Herfindahl-Hirschmann-Index für die Marktkonzentration | K81: Risiko | M81: Naturferne Wirtschaftssysteme | N81: gering | O81: gering | P81: mittel | Q81: gering | R81: mittel | S81: gering | T81: gering | U81: < 10 | V81: nein | AG81: nicht als (sehr) dringend ausgewiesen | AJ81: TB 6 Tab. 1 | TB 2–5 „Übersicht Klimawirkungen“
A82: 80 | B82: Wirtschaft | C82: Industrie und Gewerbe | D82: Wettbewerbsvorteil in innovativen Umwelttechnologien | E82: extensiv | K82: Chance | M82: Naturferne Wirtschaftssysteme | N82: mittel | O82: mittel | P82: gering | Q82: mittel | R82: gering | S82: gering | T82: gering | U82: < 10 | V82: nein | AG82: nicht als (sehr) dringend ausgewiesen | AJ82: TB 6 Tab. 1 | TB 6 Tab. 2 | TB 2–5 „Übersicht Klimawirkungen“ | AK82: Chance: Skala chancenreicher/chancenarmer Fall statt optimistisch/pessimistisch (Tabelle 2)
A83: 81 | B83: Wirtschaft | C83: Industrie und Gewerbe | D83: Beeinträchtigung des internationalen Warentransports | E83: extensiv | K83: Risiko | M83: Infrastrukturen und Gebäude | N83: gering | O83: gering | P83: mittel | Q83: mittel | R83: mittel | S83: mittel | T83: gering | U83: 10-50 | V83: nein | AG83: dringend | AJ83: TB 6 Tab. 1 | TB 2–5 „Übersicht Klimawirkungen“
A84: 82 | B84: Wirtschaft | C84: Industrie und Gewerbe | D84: Beeinträchtigung des Warenverkehrs über Wasserstraßen (Inland) | E84: extensiv | K84: Risiko | M84: Infrastrukturen und Gebäude | N84: mittel | O84: mittel | P84: hoch | Q84: mittel | R84: hoch | S84: mittel | T84: gering | U84: 10-50 | V84: ja | W84: mittel | X84: mittel | Y84: gering-mittel | Z84: mittel | AA84: mittel | AB84: gering | AC84: gering | AD84: mittel-hoch | AE84: gering | AF84: mittel | AG84: sehr dringend | AH84: stark eingehend | AJ84: TB 6 Tab. 1 | TB 6 Tab. 22 | TB 2–5 „Klimarisiken mit Anpassung“ | TB 2–5 „Übersicht Klimawirkungen“
A85: 83 | B85: Wirtschaft | C85: Industrie und Gewerbe | D85: Beeinträchtigung des landgestützten Warenverkehrs (Inland) | E85: extensiv | K85: Risiko | M85: Infrastrukturen und Gebäude | N85: gering | O85: gering | P85: mittel | Q85: gering | R85: mittel | S85: gering | T85: gering | U85: < 10 | V85: nein | AG85: nicht als (sehr) dringend ausgewiesen | AJ85: TB 6 Tab. 1 | TB 2–5 „Übersicht Klimawirkungen“
A86: 84 | B86: Wirtschaft | C86: Industrie und Gewerbe | D86: Energieverbrauch und Beeinträchtigung bei der Energieversorgung | E86: extensiv | K86: Risiko | M86: Infrastrukturen und Gebäude | N86: gering | O86: gering | P86: gering | Q86: gering | R86: gering | S86: mittel | T86: mittel | U86: < 10 | V86: nein | AG86: nicht als (sehr) dringend ausgewiesen | AJ86: TB 6 Tab. 1 | TB 2–5 „Übersicht Klimawirkungen“
A87: 85 | B87: Wirtschaft | C87: Industrie und Gewerbe | D87: Wasserbedarf | E87: extensiv | K87: Risiko | M87: Naturnutzende Wirtschaftssysteme | N87: mittel | O87: gering | P87: mittel | Q87: gering | R87: mittel | S87: gering | T87: gering | U87: < 10 | V87: nein | AG87: dringend | AJ87: TB 6 Tab. 1 | TB 2–5 „Übersicht Klimawirkungen“
A88: 86 | B88: Wirtschaft | C88: Industrie und Gewerbe | D88: Freisetzung gefährlicher Stoffe | E88: extensiv | K88: Risiko | M88: Infrastrukturen und Gebäude | N88: gering | O88: mittel | P88: mittel | Q88: mittel | R88: mittel | S88: mittel | T88: mittel | U88: < 10 | V88: nein | AG88: nicht als (sehr) dringend ausgewiesen | AJ88: TB 6 Tab. 1 | TB 2–5 „Übersicht Klimawirkungen“
A89: 87 | B89: Wirtschaft | C89: Industrie und Gewerbe | D89: Leistungseinbußen von Beschäftigten | E89: extensiv | K89: Risiko | M89: Menschen und soziale Systeme | N89: mittel | O89: gering | P89: mittel | Q89: mittel | R89: hoch | S89: mittel | T89: mittel | U89: < 10 | V89: nein | AG89: dringend | AJ89: TB 6 Tab. 1 | TB 2–5 „Übersicht Klimawirkungen“
A90: 88 | B90: Wirtschaft | C90: Industrie und Gewerbe | D90: Beeinträchtigung von Produktionsprozessen | E90: extensiv | K90: Risiko | M90: Naturferne Wirtschaftssysteme | N90: gering | O90: gering | P90: gering | Q90: gering | R90: mittel | S90: gering | T90: gering | U90: < 10 | V90: nein | AG90: nicht als (sehr) dringend ausgewiesen | AJ90: TB 6 Tab. 1 | TB 2–5 „Übersicht Klimawirkungen“
A91: 89 | B91: Wirtschaft | C91: Industrie und Gewerbe | D91: Aufwand für die betriebliche Planung | E91: extensiv | K91: Risiko | M91: Naturferne Wirtschaftssysteme | N91: gering | O91: gering | P91: gering | Q91: gering | R91: gering | S91: gering | T91: gering | U91: < 10 | V91: nein | AG91: nicht als (sehr) dringend ausgewiesen | AJ91: TB 6 Tab. 1 | TB 2–5 „Übersicht Klimawirkungen“
A92: 90 | B92: Wirtschaft | C92: Tourismuswirtschaft | D92: Einschränkungen touristischer Angebote: Auswirkungen fehlender Schneesicherheit auf den Wintertourismus | E92: intensiv | F92: Einschränkungen touristischer Angebote – 1) Auswirkungen fehlender Schneesicherheit auf den Wintertourismus | H92: Natürliche Schneesicherheit · Technische Beschneiung · Winterlandschaft | I92: TOU-KL-01, TOU-KL-02, TOU-KL-03, TOU-KL-04 | J92: TOU-KL-01: Mittlere Anzahl der potenziellen Schneetage (10.12.–31.01.) · TOU-KL-02: Mittlere Anzahl der Niederschlagstage (10.12.–31.01.) · TOU-KL-03: Durchschnittliches Datum der ersten drei aufeinanderfolgenden Beschneiungstage · TOU-KL-04: Mittlere Anzahl der Tage mit einer Schneehöhe ≥ 3 Zentimeter | K92: Risiko | M92: Naturnutzende Wirtschaftssysteme | N92: gering | O92: mittel | P92: mittel | Q92: hoch | R92: hoch | S92: mittel | T92: mittel | U92: < 10 | V92: nein | AG92: nicht als (sehr) dringend ausgewiesen | AJ92: TB 6 Tab. 1 | TB 2–5 „Übersicht Klimawirkungen“
A93: 91 | B93: Wirtschaft | C93: Tourismuswirtschaft | D93: Einschränkungen touristischer Angebote: Auswirkungen von Hitze auf den Gesundheitstourismus | E93: intensiv | F93: Einschränkungen touristischer Angebote – 2) Auswirkungen von Hitze auf den Gesundheitstourismus | K93: Risiko | M93: Naturnutzende Wirtschaftssysteme | N93: gering | O93: gering | P93: mittel | Q93: mittel | R93: mittel | S93: gering | T93: gering | U93: < 10 | V93: nein | AG93: nicht als (sehr) dringend ausgewiesen | AJ93: TB 6 Tab. 1 | TB 2–5 „Übersicht Klimawirkungen“
A94: 92 | B94: Wirtschaft | C94: Tourismuswirtschaft | D94: Schäden an touristischen Infrastrukturen und Betriebsunterbrechungen | E94: extensiv | K94: Risiko | M94: Infrastrukturen und Gebäude | N94: gering | O94: mittel | P94: mittel | Q94: mittel | R94: hoch | S94: mittel | T94: gering | U94: < 10 | V94: nein | AG94: nicht als (sehr) dringend ausgewiesen | AH94: stark eingehend | AJ94: TB 6 Tab. 1 | TB 2–5 „Übersicht Klimawirkungen“
A95: 93 | B95: Wirtschaft | C95: Tourismuswirtschaft | D95: Verlagerung der Nachfrage | E95: extensiv | K95: Risiko | M95: Naturferne Wirtschaftssysteme | N95: gering | O95: gering | P95: mittel | Q95: gering | R95: mittel | S95: gering | T95: gering | U95: < 10 | V95: nein | AG95: nicht als (sehr) dringend ausgewiesen | AJ95: TB 6 Tab. 1 | TB 2–5 „Übersicht Klimawirkungen“
A96: 94 | B96: Wirtschaft | C96: Tourismuswirtschaft | D96: Wirtschaftliche Chancen und Risiken für die Tourismuswirtschaft | E96: extensiv | K96: Risiko | M96: Naturferne Wirtschaftssysteme | N96: mittel | O96: mittel | P96: mittel | Q96: hoch | R96: hoch | S96: mittel | T96: gering | U96: < 10 | V96: nein | AG96: dringend | AJ96: TB 6 Tab. 1 | TB 2–5 „Übersicht Klimawirkungen“
A97: 95 | B97: Gesundheit | C97: Menschliche Gesundheit | D97: Hitzebelastung | E97: intensiv | F97: Hitzebelastung von älteren, alleinstehenden Personen | H97: Anzahl von Hitzeperioden · Dauer von Hitzeperioden · Wärmebelastung in Städten · Bevölkerungsdichte · Einwohnerzahl · Altersstruktur der Bevölkerung · Soziale Isolation | I97: GE-KL-01, GE-KL-02, BAU-KL-05, GE-SO-03, GE-SO-04, GE-SO-05, GE-SO-06 | J97: GE-KL-01: Mittlere Anzahl von Hitzeperioden im Jahr · GE-KL-02: Mittlere Anzahl von Tagen je Hitzeperiode · BAU-KL-05: Maximale Wärmeinselintensität (UHImax) · GE-SO-03: Einwohnerinnen und Einwohner je Fläche · GE-SO-04: Anzahl der Einwohnerinnen und Einwohner je Kreis · GE-SO-05: Anteil der Bevölkerung ab 65 Jahre · GE-SO-06: Anteil der Einpersonenhaushalte | K97: Risiko | M97: Menschen und soziale Systeme | N97: hoch | O97: mittel | P97: hoch | Q97: mittel | R97: hoch | S97: hoch | T97: mittel | U97: 10-50 | V97: ja | W97: gering-mittel | X97: mittel | Y97: gering-mittel | Z97: mittel | AA97: mittel | AB97: mittel-hoch | AC97: gering | AD97: mittel-hoch | AE97: gering | AF97: mittel | AG97: sehr dringend | AH97: stark eingehend | AJ97: TB 6 Tab. 1 | TB 6 Tab. 22 | TB 2–5 „Klimarisiken mit Anpassung“ | TB 2–5 „Übersicht Klimawirkungen“
A98: 96 | B98: Gesundheit | C98: Menschliche Gesundheit | D98: Allergische Reaktionen durch Aeroallergene pflanzlicher Herkunft | E98: intensiv | F98: Blühbeginn der Erle | H98: Blühbeginn der Erle | I98: GE-KL-07 | J98: GE-KL-07: Tag des Blühbeginns der Erle im Jahr | K98: Risiko | M98: Menschen und soziale Systeme | N98: gering | O98: mittel | P98: hoch | Q98: mittel | R98: hoch | S98: mittel | T98: mittel | U98: 10-50 | V98: ja | W98: gering-mittel | X98: mittel | Y98: mittel | Z98: mittel | AA98: mittel | AB98: gering | AC98: gering | AD98: mittel | AE98: gering | AF98: mittel | AG98: sehr dringend | AH98: stark eingehend | AJ98: TB 6 Tab. 1 | TB 6 Tab. 22 | TB 2–5 „Klimarisiken mit Anpassung“ | TB 2–5 „Übersicht Klimawirkungen“
A99: 97 | B99: Gesundheit | C99: Menschliche Gesundheit | D99: Potenziell schädliche Mikroorganismen und Algen | E99: intensiv | F99: Beginn der gesundheitlich relevanten Aktivität von Vibrio vulnificus in der Ostsee | H99: Wassertemperatur an der Ostseeküste | I99: GE-KL-08 | J99: GE-KL-08: Tag im Jahr, an dem das Oberflächenwasser erstmals den Schwellenwert überschreitet | K99: Risiko | M99: Menschen und soziale Systeme | N99: gering | O99: gering | P99: mittel | Q99: mittel | R99: mittel | S99: hoch | T99: mittel | U99: < 10 | V99: nein | AG99: nicht als (sehr) dringend ausgewiesen | AH99: stark eingehend | AJ99: TB 6 Tab. 1 | TB 2–5 „Übersicht Klimawirkungen“
A100: 98 | B100: Gesundheit | C100: Menschliche Gesundheit | D100: UV-bedingte Gesundheitsschädigungen (insbesondere Hautkrebs) | E100: extensiv | K100: Risiko | M100: Menschen und soziale Systeme | N100: mittel | O100: mittel | P100: hoch | Q100: mittel | R100: hoch | S100: mittel | T100: sehr gering | U100: 10-50 | V100: ja | W100: gering-mittel | X100: gering-mittel | Y100: gering-mittel | Z100: mittel | AA100: mittel | AB100: gering-mittel | AC100: gering-mittel | AD100: mittel-hoch | AE100: gering | AF100: mittel | AG100: sehr dringend | AJ100: TB 6 Tab. 1 | TB 6 Tab. 22 | TB 2–5 „Klimarisiken mit Anpassung“ | TB 2–5 „Übersicht Klimawirkungen“
...

Sheet Handlungsfelder
A1: Klimarisiken auf Ebene der 13 Handlungsfelder
A2: Quelle: Teilberichte 2–5, jeweils Tabelle „Klimarisiken mit Anpassung im Handlungsfeld …“. Fünfstufige Skala.
A4: Cluster | B4: Handlungsfeld | C4: Klimawirkungen | D4: ohne Anp. – Gegenwart | E4: ohne Anp. – Mitte optim. | F4: ohne Anp. – Mitte pessim. | G4: APA III – 2020–2030 | H4: APA III – Mitte optim. | I4: APA III – Mitte pessim. | J4: weiterr. – Mitte optim. | K4: weiterr. – Mitte pessim.
A5: Land | B5: Biologische Vielfalt | C5: 9 | D5: gering | E5: mittel | F5: mittel-hoch | G5: gering | H5: gering-mittel | I5: mittel-hoch | J5: gering | K5: mittel
A6: Land | B6: Boden | C6: 10 | D6: gering-mittel | E6: gering-mittel | F6: mittel-hoch | G6: gering-mittel | H6: gering | I6: mittel | J6: gering | K6: gering-mittel
A7: Land | B7: Landwirtschaft | C7: 7 | D7: mittel | E7: mittel | F7: hoch | G7: mittel | H7: gering-mittel | I7: hoch | J7: gering | K7: mittel
A8: Land | B8: Wald- und Forstwirtschaft | C8: 6 | D8: mittel | E8: mittel | F8: hoch | G8: mittel | H8: gering-mittel | I8: hoch | J8: gering | K8: mittel-hoch
A9: Wasser | B9: Fischerei | C9: 5 | D9: gering-mittel | E9: mittel | F9: hoch | G9: gering-mittel | H9: gering-mittel | I9: mittel-hoch | J9: gering | K9: mittel-hoch
A10: Wasser | B10: Küsten- und Meeresschutz | C10: 10 | D10: mittel | E10: mittel | F10: hoch | G10: gering-mittel | H10: gering-mittel | I10: mittel-hoch | J10: gering | K10: mittel
A11: Wasser | B11: Wasserhaushalt, Wasserwirtschaft | C11: 11 | D11: mittel | E11: mittel | F11: hoch | G11: gering-mittel | H11: gering-mittel | I11: mittel-hoch | J11: gering | K11: mittel
A12: Infrastruktur | B12: Bauwesen | C12: 6 | D12: mittel | E12: mittel | F12: mittel-hoch | G12: gering-mittel | H12: gering-mittel | I12: mittel | J12: gering | K12: gering-mittel
A13: Infrastruktur | B13: Energiewirtschaft | C13: 6 | D13: gering | E13: gering | F13: gering | G13: gering | H13: gering | I13: gering | J13: gering | K13: gering
A14: Infrastruktur | B14: Verkehr, Verkehrsinfrastruktur | C14: 7 | D14: gering-mittel | E14: gering | F14: mittel | G14: gering | H14: gering | I14: gering-mittel | J14: gering | K14: gering
A15: Wirtschaft | B15: Industrie und Gewerbe | C15: 12 | D15: mittel | E15: gering | F15: mittel | G15: gering-mittel | H15: gering | I15: mittel | J15: gering | K15: gering
A16: Wirtschaft | B16: Tourismuswirtschaft | C16: 5 | D16: gering | E16: gering | F16: mittel | G16: gering | H16: gering | I16: mittel | J16: gering | K16: gering-mittel
A17: Gesundheit | B17: Menschliche Gesundheit | C17: 8 | D17: mittel | E17: mittel | F17: hoch | G17: gering-mittel | H17: gering | I17: mittel | J17: gering | K17: mittel
B18: Summe | C18: =SUM(C5:C17) -> 102

Sheet Indikatoren
A1: Indikatoren der quantitativen Operationalisierung
A2: Quelle: Teilberichte 2–5, Tabellen „Übersicht über Faktoren und Indikatoren …“. Kennblätter zu jedem Indikator stehen im Anhang der KWRA (Climate Change 20/2021).
A4: Klimawirkung-ID | B4: Handlungsfeld | C4: Klimawirkung | D4: Indikatoren-ID | E4: Faktor | F4: Indikator
A5: 10 | B5: Boden | C5: Bodenerosion durch Wasser | D5: BO-KL-01 | E5: Erosion durch Wasser | F5: Potenzieller mittlerer Bodenabtrag durch Wassererosion
A6: 13 | B6: Boden | C6: Wassermangel im Boden | D6: BO-KL-02 | E6: Wassermangel im Boden | F6: Effektive Wasserbilanz [mm] während der Hauptvegetationsperiode
A7: 14 | B7: Boden | C7: Sickerwasser | D7: BO-KL-03 | E7: Sickerwasser | F7: Mittlere jährliche Sickerwasserrate [mm/a]
A8: 15 | B8: Boden | C8: Vernässung | D8: BO-KL-04 | E8: Vernässung | F8: Anzahl der Tage mit Bodenfeuchte ≥ 100 Prozent nutzbare Feldkapazität
A9: 20 | B9: Landwirtschaft | C9: Hitzestress bei und Leistung von Nutztieren | D9: LW-KL-01 | E9: Lufttemperatur, Luftfeuchte | F9: Anzahl der Tage mit einem THI > 60 bis 70
A10: 20 | B10: Landwirtschaft | C10: Hitzestress bei und Leistung von Nutztieren | D10: LW-KL-02 | E10: Lufttemperatur, Luftfeuchte | F10: Anzahl der Tage mit einem THI > 70 bis 80
A11: 20 | B11: Landwirtschaft | C11: Hitzestress bei und Leistung von Nutztieren | D11: LW-KL-03 | E11: Lufttemperatur, Luftfeuchte | F11: Anzahl der Tage mit einem THI > 80
A12: 21 | B12: Landwirtschaft | C12: Abiotischer Stress (Pflanzen) | D12: LW-KL-04 | E12: Trockenheit | F12: Tage mit Bodenfeuchte < 30 % nFK, 01.09.–30.11., Winterweizen
A13: 21 | B13: Landwirtschaft | C13: Abiotischer Stress (Pflanzen) | D13: LW-KL-05 | E13: Trockenheit | F13: Tage mit Bodenfeuchte < 30 % nFK, 01.03.–30.06., Winterweizen
A14: 21 | B14: Landwirtschaft | C14: Abiotischer Stress (Pflanzen) | D14: LW-KL-06 | E14: Trockenheit | F14: Tage mit Bodenfeuchte < 50 % nFK, 01.09.–30.11., Winterweizen
A15: 21 | B15: Landwirtschaft | C15: Abiotischer Stress (Pflanzen) | D15: LW-KL-07 | E15: Trockenheit | F15: Tage mit Bodenfeuchte < 50 % nFK, 01.03.–30.06., Winterweizen
A16: 21 | B16: Landwirtschaft | C16: Abiotischer Stress (Pflanzen) | D16: LW-KL-08 | E16: Trockenheit | F16: Mittlere Bodenfeuchte 01.09.–30.11., Winterweizen
... A71: 97 | B71: Menschliche Gesundheit | C71: Potenziell schädliche Mikroorganismen und Algen | D71: GE-KL-08 | E71: Wassertemperatur an der Ostseeküste | F71: Tag im Jahr, an dem das Oberflächenwasser erstmals den Schwellenwert überschreitet

Sheet Wirkungsmechanismen
A1: Wirkungsmechanismen je Klimawirkung — Hazard / Vulnerabilität / Exposition
A2: Quelle: UBA (2016), Klimawirkungsketten — visuell aus den Diagrammen abgelesen. NICHT Teil der KWRA-2021-Bewertung. Namensstand der Vulnerabilitätsanalyse 2015, auf die KWRA-2021-Klimawirkungen abgebildet. Die Exposition ist in der Quelle nur je Handlungsfeld definiert, nicht je Klimawirkung. Zuordnungsebene „Container" heißt: Der Pfeil zeigt auf das Themenfeld und gilt für alle Klimawirkungen darin.
A5: ID | B5: Cluster | C5: Handlungsfeld | D5: Klimawirkung (KWRA 2021) | E5: Hazard – klimatische Einflüsse | F5: Hazard – vorgelagerte Klimawirkungen | G5: Vulnerabilität – Sensitivitätsfaktoren | H5: Exposition – räumliches Vorkommen (Handlungsfeldebene) | I5: Zuordnungsebene | J5: Name in der Wirkungskette 2016 | K5: Status
A6: 1 | B6: Land | C6: Biologische Vielfalt | D6: Veränderung der Länge der Vegetationsperiode und Phänologie | E6: Durchschnittstemperatur | F6: Länge der Vegetationsperiode | G6: Habitat-, Biotop-, Ökosystemeigenschaften · Topographie und Landnutzung | H6: Vorkommen von Arealen, Arten und Populationen · Vorkommen von Biotopen, Habitaten und Ökosystemen | I6: Klimawirkung | J6: Phänologie; Phänologie und Verhalten; Länge der Vegetationsperiode | K6: ausgelesen
A7: 2 | B7: Land | C7: Biologische Vielfalt | D7: Ausbreitung invasiver Arten | F7: Vegetation · Tierwelt | G7: Habitat-, Biotop-, Ökosystemeigenschaften · Topographie und Landnutzung | H7: Vorkommen von Arealen, Arten und Populationen · Vorkommen von Biotopen, Habitaten und Ökosystemen | I7: Klimawirkung / V auf Container | J7: Ausbreitung invasiver Arten | K7: ausgelesen
A8: 3 | B8: Land | C8: Biologische Vielfalt | D8: Verlust an genetischer Vielfalt | F8: Beeinträchtigung der Vitalität von Pflanzen · Beeinträchtigung der Vitalität von Tieren | G8: Habitat-, Biotop-, Ökosystemeigenschaften | H8: Vorkommen von Arealen, Arten und Populationen · Vorkommen von Biotopen, Habitaten und Ökosystemen | I8: Klimawirkung | J8: Verlust an Genressourcen | K8: ausgelesen
A9: 4 | B9: Land | C9: Biologische Vielfalt | D9: Verschiebung von Arealen und Rückgang der Bestände | E9: Durchschnittstemperatur · Durchschnittlicher Niederschlag | F9: Beeinträchtigung der Vitalität von Pflanzen · Beeinträchtigung der Vitalität von Tieren · Verschiebung von Arealen · Ausbreitung invasiver Arten | G9: Habitat-, Biotop-, Ökosystemeigenschaften · Topographie und Landnutzung | H9: Vorkommen von Arealen, Arten und Populationen · Vorkommen von Biotopen, Habitaten und Ökosystemen | I9: Klimawirkung / V auf Container | J9: Verschiebung von Arealen; Rückgang der Bestände | K9: ausgelesen
A10: 5 | B10: Land | C10: Biologische Vielfalt | D10: Schäden an Küstenökosystemen | F10: Naturräumliche Schäden an Küsten | G10: Habitat-, Biotop-, Ökosystemeigenschaften · Topographie und Landnutzung | H10: Vorkommen von Arealen, Arten und Populationen · Vorkommen von Biotopen, Habitaten und Ökosystemen | I10: Klimawirkung / V auf Container | J10: Schäden an Küstenökosytemen | K10: ausgelesen
A11: 6 | B11: Land | C11: Biologische Vielfalt | D11: Schäden an Gebirgsökosystemen | E11: Durchschnittstemperatur | G11: Habitat-, Biotop-, Ökosystemeigenschaften · Topographie und Landnutzung | H11: Vorkommen von Arealen, Arten und Populationen · Vorkommen von Biotopen, Habitaten und Ökosystemen | I11: Klimawirkung / V auf Container | J11: Schäden an Gebirgsökosytemen | K11: ausgelesen
A12: 7 | B12: Land | C12: Biologische Vielfalt | D12: Schäden an wassergebundenen Habitaten und Feuchtgebieten | E12: Trockenheit | F12: Beeinträchtigung der Vitalität von Pflanzen · Beeinträchtigung der Vitalität von Tieren · Abfluss und Wasserstand von Oberflächengewässern · Grundwasserstand | G12: Habitat-, Biotop-, Ökosystemeigenschaften · Topographie und Landnutzung | H12: Vorkommen von Arealen, Arten und Populationen · Vorkommen von Biotopen, Habitaten und Ökosystemen | I12: Klimawirkung / V auf Container | J12: Schäden an wassergebundenen Habitaten und Feuchtgebieten | K12: ausgelesen
A13: 8 | B13: Land | C13: Biologische Vielfalt | D13: Schäden an Wäldern | E13: Durchschnittstemperatur | F13: Beeinträchtigung der Vitalität von Pflanzen · Beeinträchtigung der Vitalität von Tieren | G13: Habitat-, Biotop-, Ökosystemeigenschaften · Topographie und Landnutzung | H13: Vorkommen von Arealen, Arten und Populationen · Vorkommen von Biotopen, Habitaten und Ökosystemen | I13: Container | J13: Schäden an Wäldern | K13: ausgelesen
A14: 9 | B14: Land | C14: Biologische Vielfalt | D14: Ökosystemleistungen | F14: Areale, Arten und Populationen · Biotope, Habitate, Ökosysteme | G14: Habitat-, Biotop-, Ökosystemeigenschaften · Topographie und Landnutzung | H14: Vorkommen von Arealen, Arten und Populationen · Vorkommen von Biotopen, Habitaten und Ökosystemen | I14: Container | J14: Bereitstellende Dienstleistungen; Regulierende Dienstleistungen | K14: ausgelesen
A15: 10 | B15: Land | C15: Boden | D15: Bodenerosion durch Wasser | E15: Nässe · Starkregen · Trockenheit | F15: Rutschungen und Muren · Hochwasser · Sturzfluten | G15: Bodenart und Bodentyp · Topographie und Landnutzung | H15: Vorkommen von Bodenart und Bodentyp · Vorkommen von unversiegelter Fläche | I15: Klimawirkung | J15: Bodenerosion durch Wasser | K15: ausgelesen
A16: 11 | B16: Land | C16: Boden | D16: Bodenerosion durch Wind | E16: Starkwind · Trockenheit | G16: Bodenart und Bodentyp · Topographie und Landnutzung | H16: Vorkommen von Bodenart und Bodentyp · Vorkommen von unversiegelter Fläche | I16: Klimawirkung / V auf Container | J16: Bodenerosion durch Wind | K16: ausgelesen
A17: 12 | B17: Land | C17: Boden | D17: Rutschungen und Muren | E17: Starkregen · Nässe | G17: Topographie und Landnutzung · Boden- und Gesteinsschichtung | H17: Vorkommen von Bodenart und Bodentyp · Vorkommen von unversiegelter Fläche | I17: Klimawirkung / V auf Container | J17: Rutschungen und Muren | K17: ausgelesen
A18: 13 | B18: Land | C18: Boden | D18: Wassermangel im Boden | E18: Hitze · Trockenheit | F18: Grundwasserstand | G18: Bodeneigenschaften · Topographie und Landnutzung · Bewässerung | H18: Vorkommen von Bodenart und Bodentyp · Vorkommen von unversiegelter Fläche | I18: Klimawirkung / V auf Container | J18: Wassermangel im Boden | K18: ausgelesen
A19: 14 | B19: Land | C19: Boden | D19: Sickerwasser | E19: Durchschnittlicher Niederschlag · Hitze · Trockenheit · Nässe · Starkregen | G19: Bodeneigenschaften · Topographie und Landnutzung · Bewässerung | H19: Vorkommen von Bodenart und Bodentyp · Vorkommen von unversiegelter Fläche | I19: Klimawirkung / V auf Container | J19: Sickerwasser | K19: ausgelesen
A20: 15 | B20: Land | C20: Boden | D20: Vernässung | E20: Nässe · Starkregen | F20: Grundwasserstand | G20: Bodeneigenschaften · Topographie und Landnutzung · Bewässerung | H20: Vorkommen von Bodenart und Bodentyp · Vorkommen von unversiegelter Fläche | I20: Klimawirkung / V auf Container | J20: Vernässung | K20: ausgelesen
A21: 16 | B21: Land | C21: Boden | D21: Bodenbiologie: Mikrobiologische Aktivität / Biodiversität / biologische Funktionalität | F21: Bodenwärmehaushalt · Bodenwasserhaushalt · Erosion | G21: Bodeneigenschaften | H21: Vorkommen von Bodenart und Bodentyp · Vorkommen von unversiegelter Fläche | I21: Container | J21: Mikrobiologische Aktivität; Zusammensetzung von Bodenorganismen / Boden-Biodiversität; Funktionalität der Zersetzerkette | K21: ausgelesen
A22: 17 | B22: Land | C22: Boden | D22: Bodenstoffhaushalt: Organische Bodensubstanz, Stickstoff- und Phosphorhaushalt, Stoffausträge | F22: Bodenwärmehaushalt · Bodenwasserhaushalt | G22: Bodenart und Bodentyp · Bodentextur (Porenvolumen und -verteilung) | H22: Vorkommen von Bodenart und Bodentyp · Vorkommen von unversiegelter Fläche | I22: Klimawirkung | J22: Organische Bodensubstanz, Stickstoff- und Phosphorhaushalt, Stoffausträge | K22: ausgelesen
A23: 18 | B23: Land | C23: Boden | D23: Bodenfunktionen: Filter- und Pufferfunktionen | F23: Bodenwasserhaushalt · Bodenwärmehaushalt · Bodenstoffhaushalt · Bodenbiologie · Bodenstruktur · Erosion · Gravitative Massenbewegungen · Versalzung des Bodens, des Grundwassers und von Flussmündungen | G23: Bodeneigenschaften · Bodenbearbeitung · Topographie und Landnutzung | H23: Vorkommen von Bodenart und Bodentyp · Vorkommen von unversiegelter Fläche | I23: Container | J23: Filter- / Pufferfunktionen (Wasser, Schadstoffe, etc.) | K23: ausgelesen
A24: 19 | B24: Land | C24: Boden | D24: Produktionsfunktionen | F24: Bodenwasserhaushalt · Bodenwärmehaushalt · Bodenstoffhaushalt · Bodenbiologie · Bodenstruktur · Erosion · Gravitative Massenbewegungen · Versalzung des Bodens, des Grundwassers und von Flussmündungen · Nährstoffspeicherfunktionen (C, N, etc.) · Filter- / Pufferfunktionen (Wasser, Schadstoffe, etc.) | G24: Bodeneigenschaften · Bodenbearbeitung · Topographie und Landnutzung | H24: Vorkommen von Bodenart und Bodentyp · Vorkommen von unversiegelter Fläche | I24: Container + Klimawirkung | J24: Produktionsfunktionen (Standortstabilität, Bodenfruchtbarkeit) | K24: ausgelesen
A25: 20 | B25: Land | C25: Landwirtschaft | D25: Hitzestress bei und Leistung von Nutztieren | E25: Hitze | F25: Beeinträchtigung der Vitalität von Tieren · Tiergesundheit · Ertrag und Qualität der Ernteprodukte | G25: Tierart · Züchterischer Fortschritt · Möglichkeiten der Veterinärmedizin | H25: Vorkommen von landwirtschaftlicher Nutzfläche · Vorkommen von Anbauart · Vorkommen von Tierhaltung · Vorkommen von landwirtschaftlicher Infrastruktur | I25: Klimawirkung / V auf Container | J25: Hitzestress bei Tieren; Leistung von Viehhaltung, Milchwirtschaft | K25: ausgelesen
A26: 21 | B26: Land | C26: Landwirtschaft | D26: Abiotischer Stress (Pflanzen) | E26: Hitze · Früh- und Spätfröste · Wechselfrost · Hagel · Starkwind · Starkregen · Trockenheit | F26: Erosion · Bodenwasserhaushalt · Beeinträchtigung der Vitalität von Pflanzen | G26: Anbaufrucht · Dünger- und Pestizideinsatz · Züchterischer Fortschritt · Vorhandensein von Hagelschutz | H26: Vorkommen von landwirtschaftlicher Nutzfläche · Vorkommen von Anbauart · Vorkommen von Tierhaltung · Vorkommen von landwirtschaftlicher Infrastruktur | I26: Klimawirkung / V auf Container | J26: Abiotischer Stress | K26: ausgelesen
A27: 22 | B27: Land | C27: Landwirtschaft | D27: Verschiebung von Anbaugebieten | F27: Phänologie | H27: Vorkommen von landwirtschaftlicher Nutzfläche · Vorkommen von Anbauart · Vorkommen von Tierhaltung · Vorkommen von landwirtschaftlicher Infrastruktur | I27: Container | J27: Verschiebung von Anbaugebieten | K27: ausgelesen
A28: 23 | B28: Land | C28: Landwirtschaft | D28: Agrophänologische Phasen und Wachstumsperiode | F28: Phänologie | H28: Vorkommen von landwirtschaftlicher Nutzfläche · Vorkommen von Anbauart · Vorkommen von Tierhaltung · Vorkommen von landwirtschaftlicher Infrastruktur | I28: Container | J28: Agrophänologische Phasen und Wachstumsperiode | K28: ausgelesen
A29: 24 | B29: Land | C29: Landwirtschaft | D29: Stress durch Schädlinge und Krankheiten (Pflanzen) | E29: Durchschnittstemperatur · Hitze · Nässe | F29: Beeinträchtigung der Vitalität von Pflanzen | G29: Anbaufrucht · Dünger- und Pestizideinsatz · Züchterischer Fortschritt · Vorhandensein von Hagelschutz | H29: Vorkommen von landwirtschaftlicher Nutzfläche · Vorkommen von Anbauart · Vorkommen von Tierhaltung · Vorkommen von landwirtschaftlicher Infrastruktur | I29: Klimawirkung / V auf Container | J29: Stress durch Schädlinge und Krankheiten | K29: ausgelesen
A30: 25 | B30: Land | C30: Landwirtschaft | D30: Ertragsausfälle | F30: Bodenwasserhaushalt · Pflanzengesundheit · Agrophänologie · Bewässerungswasser · Bodenfunktionen | H30: Vorkommen von landwirtschaftlicher Nutzfläche · Vorkommen von Anbauart · Vorkommen von Tierhaltung · Vorkommen von landwirtschaftlicher Infrastruktur | I30: Klimawirkung | J30: Ertragsausfälle | K30: ausgelesen
A31: 26 | B31: Land | C31: Landwirtschaft | D31: Qualität der Ernteprodukte | F31: Bodenwasserhaushalt · Pflanzengesundheit · Agrophänologie · Bewässerungswasser · Bodenfunktionen | H31: Vorkommen von landwirtschaftlicher Nutzfläche · Vorkommen von Anbauart · Vorkommen von Tierhaltung · Vorkommen von landwirtschaftlicher Infrastruktur | I31: Container | J31: Qualität | K31: ausgelesen
A32: 27 | B32: Land | C32: Wald- und Forstwirtschaft | D32: Hitze- und Trockenstress | E32: Hitze · Trockenheit | F32: Bodenwasserhaushalt · Beeinträchtigung der Vitalität von Pflanzen | G32: Baumart · Baumalter / Altersstruktur | H32: Vorkommen von Waldfläche · Vorkommen von Baumarten | I32: Klimawirkung / V auf Container | J32: Hitze- und Trockenstress | K32: ausgelesen
A33: 28 | B33: Land | C33: Wald- und Forstwirtschaft | D33: Stress durch Schädlinge / Krankheiten | E33: Durchschnittstemperatur · Starkregen · Hitze · Nässe · Trockenheit · Früh- und Spätfröste | F33: Bodenwasserhaushalt · Forstphänologische Phasen und Wachstumsperiode · Beeinträchtigung der Vitalität von Pflanzen | G33: Baumart · Baumalter / Altersstruktur | H33: Vorkommen von Waldfläche · Vorkommen von Baumarten | I33: Klimawirkung / V auf Container | J33: Stress durch Schädlinge / Krankheiten | K33: ausgelesen
A34: 29 | B34: Land | C34: Wald- und Forstwirtschaft | D34: Schäden durch Windwurf | E34: Starkwind · Trockenheit | F34: Beeinträchtigung der Vitalität von Pflanzen | G34: Baumhöhe | H34: Vorkommen von Waldfläche · Vorkommen von Baumarten | I34: Klimawirkung | J34: Schäden durch Windwurf | K34: ausgelesen
A35: 30 | B35: Land | C35: Wald- und Forstwirtschaft | D35: Waldbrandrisiko | E35: Trockenheit · Hitze | G35: Baumart · Baumalter / Altersstruktur | H35: Vorkommen von Waldfläche · Vorkommen von Baumarten | I35: Klimawirkung / V auf Container | J35: Waldbrandrisiko | K35: ausgelesen
A36: 31 | B36: Land | C36: Wald- und Forstwirtschaft | D36: Nutzfunktion: Holzertrag | E36: CO2-Konzentration | F36: Bodenwasserhaushalt · Forstphänologische Phasen und Wachstumsperiode · Vitalität / Mortalitätseffekte · Baumartenzusammensetzung · Schäden an Wäldern · Areale, Arten und Populationen | G36: Waldstruktur · Standortbedingungen · Topographie und Landnutzung · Forstliche Bewirtschaftung | H36: Vorkommen von Waldfläche · Vorkommen von Baumarten | I36: Container | J36: Nutzfunktionen (Ertrag) | K36: ausgelesen
A37: 32 | B37: Land | C37: Wald- und Forstwirtschaft | D37: Nutzfunktion: Erholung | E37: CO2-Konzentration | F37: Bodenwasserhaushalt · Forstphänologische Phasen und Wachstumsperiode · Vitalität / Mortalitätseffekte · Baumartenzusammensetzung · Schäden an Wäldern · Areale, Arten und Populationen | G37: Waldstruktur · Standortbedingungen · Topographie und Landnutzung · Forstliche Bewirtschaftung | H37: Vorkommen von Waldfläche · Vorkommen von Baumarten | I37: Container | J37: Erholungsfunktionen | K37: ausgelesen
A38: 33 | B38: Wasser | C38: Fischerei | D38: Entkopplung von Nahrungsbeziehungen in der Ostsee | F38: Gewässerzustand der Meere · Gewässerzustand von Oberflächengewässern · Abfluss und Wasserstand von Oberflächengewässern · Strömungen und Gezeitendynamik · Sturmfluten · Beeinträchtigung der Vitalität von Tieren · Fischgesundheit · Areale, Arten und Populationen · Phänologie und Verhalten · Reproduktion, Wachstum und Sterblichkeit kommerziell genutzter Arten | G38: Fischbestand · Eigenschaften von Oberflächengewässern · Meerwasserqualität und Küsteneigenschaften | H38: Vorkommen von kommerziell relevanten Fischarten und -populationen · Vorkommen von Aquakulturen · Vorkommen von fischereiwirtschaftlicher Infrastruktur | I38: Container | J38: Wirkkomplex: Abiotischer Stress; Abundanz von Fischbeständen, Artenspektrum; Wachstum, Reproduktion und Sterblichkeit von Fischbeständen | K38: ausgelesen
A39: 34 | B39: Wasser | C39: Fischerei | D39: Verbreitung wärmeliebender Arten in der Nordsee | F39: Gewässerzustand der Meere · Gewässerzustand von Oberflächengewässern · Abfluss und Wasserstand von Oberflächengewässern · Strömungen und Gezeitendynamik · Sturmfluten · Beeinträchtigung der Vitalität von Tieren · Fischgesundheit · Areale, Arten und Populationen · Phänologie und Verhalten · Reproduktion, Wachstum und Sterblichkeit kommerziell genutzter Arten | G39: Fischbestand · Eigenschaften von Oberflächengewässern · Meerwasserqualität und Küsteneigenschaften | H39: Vorkommen von kommerziell relevanten Fischarten und -populationen · Vorkommen von Aquakulturen · Vorkommen von fischereiwirtschaftlicher Infrastruktur | I39: Container | J39: Wirkkomplex: Abiotischer Stress; Abundanz von Fischbeständen, Artenspektrum; Wachstum, Reproduktion und Sterblichkeit von Fischbeständen | K39: ausgelesen
A40: 35 | B40: Wasser | C40: Fischerei | D40: Verbreitung von Fischarten in Fließgewässern | F40: Gewässerzustand der Meere · Gewässerzustand von Oberflächengewässern · Abfluss und Wasserstand von Oberflächengewässern · Strömungen und Gezeitendynamik · Sturmfluten · Beeinträchtigung der Vitalität von Tieren · Fischgesundheit · Areale, Arten und Populationen · Phänologie und Verhalten · Reproduktion, Wachstum und Sterblichkeit kommerziell genutzter Arten | G40: Fischbestand · Eigenschaften von Oberflächengewässern · Meerwasserqualität und Küsteneigenschaften | H40: Vorkommen von kommerziell relevanten Fischarten und -populationen · Vorkommen von Aquakulturen · Vorkommen von fischereiwirtschaftlicher Infrastruktur | I40: Container | J40: Wirkkomplex: Abiotischer Stress; Abundanz von Fischbeständen, Artenspektrum; Wachstum, Reproduktion und Sterblichkeit von Fischbeständen | K40: ausgelesen
A41: 36 | B41: Wasser | C41: Fischerei | D41: Stress durch Schädlinge / Krankheiten | F41: Gewässerzustand der Meere · Gewässerzustand von Oberflächengewässern · Abfluss und Wasserstand von Oberflächengewässern · Strömungen und Gezeitendynamik · Sturmfluten · Beeinträchtigung der Vitalität von Tieren | G41: Fischart · Infektionsanfälligkeit | H41: Vorkommen von kommerziell relevanten Fischarten und -populationen · Vorkommen von Aquakulturen · Vorkommen von fischereiwirtschaftlicher Infrastruktur | I41: Container | J41: Stress durch Schädlinge / Krankheiten | K41: ausgelesen
A42: 37 | B42: Wasser | C42: Fischerei | D42: Schäden an Aquakulturen | F42: Abfluss und Wasserstand von Oberflächengewässern · Wasserstand der Meere | G42: Aquakultursystem (Offene Systeme, Geschlossene Systeme, etc.) | H42: Vorkommen von kommerziell relevanten Fischarten und -populationen · Vorkommen von Aquakulturen · Vorkommen von fischereiwirtschaftlicher Infrastruktur | I42: Klimawirkung | J42: Schäden an Aquakulturen | K42: ausgelesen
A43: 38 | B43: Wasser | C43: Küsten- und Meeresschutz | D43: Meerestemperatur und Eisbedeckung | E43: Durchschnittstemperatur · Hitze · Kälte / Frost · Sonnenscheindauer · Durchschnittliche Windgeschwindigkeit · Starkwind | G43: Eigenschaften des Meeres | H43: Vorkommen von Küsten, Wattenmeere, Ästuare · Vorkommen von Meeren · Vorkommen von Bauwerken und Infrastruktur in der Küstenzone | I43: Klimawirkung | J43: Meerestemperatur und Eisbedeckung | K43: ausgelesen
A44: 39 | B44: Wasser | C44: Küsten- und Meeresschutz | D44: Wasserqualität und Grundwasserversalzung | E44: CO2-Konzentration · Durchschnittstemperatur · Hitze · Trockenheit · Sonnenscheindauer · Durchschnittliche Windgeschwindigkeit · Starkwind | F44: Sturmfluten · Meeresspiegelhöhe · Strömungen und Gezeitendynamik | G44: Meerwasserqualität · Stoffeintrag direkt ins Meer (Öl, Abwasser, etc.) · Stoffeintrag über Oberflächengewässer | H44: Vorkommen von Küsten, Wattenmeere, Ästuare · Vorkommen von Meeren · Vorkommen von Bauwerken und Infrastruktur in der Küstenzone | I44: Klimawirkung | J44: Biologische Wasserqualität (Eutrophierung, Blaualgen); Chemische Wasserqualität (Sauerstoffmangel, Versauerung, Salinität) | K44: ausgelesen
A45: 40 | B45: Wasser | C45: Küsten- und Meeresschutz | D45: Meeresspiegelhöhe | E45: Durchschnittstemperatur | G45: Eigenschaften des Meeres | H45: Vorkommen von Küsten, Wattenmeere, Ästuare · Vorkommen von Meeren · Vorkommen von Bauwerken und Infrastruktur in der Küstenzone | I45: Klimawirkung | J45: Meeresspiegelhöhe | K45: ausgelesen
A46: 41 | B46: Wasser | C46: Küsten- und Meeresschutz | D46: Strömungen und Gezeitendynamik | E46: Durchschnittstemperatur | G46: Eigenschaften des Meeres | H46: Vorkommen von Küsten, Wattenmeere, Ästuare · Vorkommen von Meeren · Vorkommen von Bauwerken und Infrastruktur in der Küstenzone | I46: Klimawirkung | J46: Strömungen und Gezeitendynamik | K46: ausgelesen
A47: 42 | B47: Wasser | C47: Küsten- und Meeresschutz | D47: Seegang | E47: Durchschnittliche Windgeschwindigkeit · Starkwind | F47: Strömungen und Gezeitendynamik · Sturmfluten | G47: Eigenschaften des Meeres | H47: Vorkommen von Küsten, Wattenmeere, Ästuare · Vorkommen von Meeren · Vorkommen von Bauwerken und Infrastruktur in der Küstenzone | I47: Klimawirkung | J47: Seegang | K47: ausgelesen
A48: 43 | B48: Wasser | C48: Küsten- und Meeresschutz | D48: Sturmfluten | E48: Starkwind | F48: Meeresspiegelhöhe · Strömungen und Gezeitendynamik | G48: Eigenschaften des Meeres · Küstentopographie | H48: Vorkommen von Küsten, Wattenmeere, Ästuare · Vorkommen von Meeren · Vorkommen von Bauwerken und Infrastruktur in der Küstenzone | I48: Klimawirkung | J48: Sturmfluten | K48: ausgelesen
A49: 44 | B49: Wasser | C49: Küsten- und Meeresschutz | D49: Naturräumliche Veränderungen an Küsten | F49: Sturmfluten · Meeresspiegelhöhe · Strömungen und Gezeitendynamik · Gewässerzustand der Meere | G49: Küstentopographie | H49: Vorkommen von Küsten, Wattenmeere, Ästuare · Vorkommen von Meeren · Vorkommen von Bauwerken und Infrastruktur in der Küstenzone | I49: Klimawirkung | J49: Naturräumliche Schäden an Küsten | K49: ausgelesen
A50: 45 | B50: Wasser | C50: Küsten- und Meeresschutz | D50: Höhere Belastung oder Versagen von Küstenschutzsystemen | E50: Starkregen · Starkwind | F50: Meeresspiegelhöhe · Strömungen und Gezeitendynamik · Sturmfluten | G50: Art und Zustand von Deichen und anderer Schutzinfrastruktur | H50: Vorkommen von Küsten, Wattenmeere, Ästuare · Vorkommen von Meeren · Vorkommen von Bauwerken und Infrastruktur in der Küstenzone | I50: Klimawirkung | J50: Höhere Belastung oder Versagen von Küstenschutzsystemen | K50: ausgelesen
A51: 46 | B51: Wasser | C51: Küsten- und Meeresschutz | D51: Beschädigung oder Zerstörung von Siedlung und Infrastruktur an der Küste | E51: Starkregen · Starkwind | F51: Höhere Belastung oder Versagen von Küstenschutzsystemen · Meeresspiegelhöhe · Strömungen und Gezeitendynamik · Sturmfluten | G51: Art und Zustand von Bauwerken und Küsteninfrastruktur | H51: Vorkommen von Küsten, Wattenmeere, Ästuare · Vorkommen von Meeren · Vorkommen von Bauwerken und Infrastruktur in der Küstenzone | I51: Klimawirkung | J51: Beschädigung oder Zerstörung von Siedlung und Infrastruktur an der Küste | K51: ausgelesen
A52: 47 | B52: Wasser | C52: Küsten- und Meeresschutz | D52: Überlastung der Entwässerungseinrichtungen in überflutungsgefährdeten Gebieten | F52: Meeresspiegelhöhe · Sturmfluten | G52: Art und Zustand von Bauwerken und Küsteninfrastruktur | H52: Vorkommen von Küsten, Wattenmeere, Ästuare · Vorkommen von Meeren · Vorkommen von Bauwerken und Infrastruktur in der Küstenzone | I52: Klimawirkung | J52: Überlastung der Entwässerungseinrichtungen in niedrig gelegenen Marschgebieten | K52: ausgelesen
A53: 48 | B53: Wasser | C53: Wasserhaushalt, Wasserwirtschaft | D53: Niedrigwasser | E53: Hitze · Trockenheit | G53: Topographie und Landnutzung · Gewässereigenschaften | H53: Vorkommen von Oberflächengewässer und Grundwasser · Vorkommen von Abwasser- und Entwässerungssystemen · Vorkommen von Infrastruktur an Binnengewässern | I53: Klimawirkung / V auf Container | J53: Niedrigwasser | K53: ausgelesen
A54: 49 | B54: Wasser | C54: Wasserhaushalt, Wasserwirtschaft | D54: Hochwasser | E54: Schneeschmelze · Nässe · Starkregen | G54: Topographie und Landnutzung · Gewässereigenschaften | H54: Vorkommen von Oberflächengewässer und Grundwasser · Vorkommen von Abwasser- und Entwässerungssystemen · Vorkommen von Infrastruktur an Binnengewässern | I54: Klimawirkung / V auf Container | J54: Hochwasser | K54: ausgelesen
A55: 50 | B55: Wasser | C55: Wasserhaushalt, Wasserwirtschaft | D55: Belastung oder Versagen von Hochwasserschutzsystemen | F55: Hochwasser · Sturzfluten | G55: Art und Zustand von Hochwasserschutzinfrastruktur | H55: Vorkommen von Oberflächengewässer und Grundwasser · Vorkommen von Abwasser- und Entwässerungssystemen · Vorkommen von Infrastruktur an Binnengewässern | I55: Klimawirkung | J55: Belastung oder Versagen von Hochwasserschutzsystemen (insb. Deiche) | K55: ausgelesen
A56: 51 | B56: Wasser | C56: Wasserhaushalt, Wasserwirtschaft | D56: Sturzfluten (Versagen von Entwässerungseinrichtungen und Überflutungsschutzsystemen) | E56: Starkregen | G56: Topographie und Landnutzung · Gewässereigenschaften | H56: Vorkommen von Oberflächengewässer und Grundwasser · Vorkommen von Abwasser- und Entwässerungssystemen · Vorkommen von Infrastruktur an Binnengewässern | I56: Klimawirkung / V auf Container | J56: Sturzfluten | K56: ausgelesen
A57: 52 | B57: Wasser | C57: Wasserhaushalt, Wasserwirtschaft | D57: Einschränkungen der Funktionsfähigkeit von Kanalnetzen und Vorflutern und Kläranlagen | F57: Abfluss und Wasserstand von Oberflächengewässern · Gewässerzustand von Oberflächengewässern · Grundwasser · Wassernutzung | G57: Art und Zustand der Entwässerungssysteme (Kläranlagen, Kanalisationsnetz) | H57: Vorkommen von Oberflächengewässer und Grundwasser · Vorkommen von Abwasser- und Entwässerungssystemen · Vorkommen von Infrastruktur an Binnengewässern | I57: Container | J57: Einschränkungen der Funktionsfähigkeit von Kläranlagen; Einschränkungen der Funktionsfähigkeit von Kanalnetzen und Vorflutern | K57: ausgelesen
A58: 53 | B58: Wasser | C58: Wasserhaushalt, Wasserwirtschaft | D58: Gewässertemperatur und Eisbedeckung und biologische Wasserqualität | E58: Durchschnittstemperatur · Hitze · Kälte / Frost · Schneeschmelze · Sonnenscheindauer · Trockenheit · Nässe · Starkregen | F58: Mittlerer Abfluss | G58: Gewässerstruktur (Beschattung, Gewässerbett, Verengungen) | H58: Vorkommen von Oberflächengewässer und Grundwasser · Vorkommen von Abwasser- und Entwässerungssystemen · Vorkommen von Infrastruktur an Binnengewässern | I58: Klimawirkung | J58: Gewässertemperatur und Eisbedeckung; Biologische Wasserqualität (Eutrophierung, Blaualgen) | K58: ausgelesen
A59: 54 | B59: Wasser | C59: Wasserhaushalt, Wasserwirtschaft | D59: Chemische Wasserqualität | E59: Durchschnittstemperatur · Trockenheit · Starkregen · Hitze · Sonnenscheindauer | F59: Mittlerer Abfluss | G59: Stoffeintrag aus Landwirtschaft und Industrie (Stickstoff, Phosphor, Pestizide) | H59: Vorkommen von Oberflächengewässer und Grundwasser · Vorkommen von Abwasser- und Entwässerungssystemen · Vorkommen von Infrastruktur an Binnengewässern | I59: Klimawirkung | J59: Chemische Wasserqualität (Sauerstoffmangel) | K59: ausgelesen
A60: 55 | B60: Wasser | C60: Wasserhaushalt, Wasserwirtschaft | D60: Grundwasserstand und Grundwasserqualität | E60: Durchschnittlicher Niederschlag | F60: Mittlerer Abfluss · Niedrigwasser · Biologische Wasserqualität · Chemische Wasserqualität · Versalzung des Bodens, des Grundwassers und von Flussmündungen | G60: Bodeneigenschaften und Geologie · Grundwasserleiter · Stoffeintrag aus Landwirtschaft und Industrie | H60: Vorkommen von Oberflächengewässer und Grundwasser · Vorkommen von Abwasser- und Entwässerungssystemen · Vorkommen von Infrastruktur an Binnengewässern | I60: Klimawirkung | J60: Grundwasserstand; Grundwasserqualität | K60: ausgelesen
A61: 56 | B61: Wasser | C61: Wasserhaushalt, Wasserwirtschaft | D61: Mangel an Bewässerungswasser | F61: Grundwasser · Gewässerzustand von Oberflächengewässern | H61: Vorkommen von Oberflächengewässer und Grundwasser · Vorkommen von Abwasser- und Entwässerungssystemen · Vorkommen von Infrastruktur an Binnengewässern | I61: Klimawirkung | J61: Bewässerungswasser | K61: ausgelesen
A62: 57 | B62: Wasser | C62: Wasserhaushalt, Wasserwirtschaft | D62: Trinkwasser | F62: Grundwasser · Gewässerzustand von Oberflächengewässern | H62: Vorkommen von Oberflächengewässer und Grundwasser · Vorkommen von Abwasser- und Entwässerungssystemen · Vorkommen von Infrastruktur an Binnengewässern | I62: Klimawirkung | J62: Trinkwasser | K62: ausgelesen
A63: 58 | B63: Wasser | C63: Wasserhaushalt, Wasserwirtschaft | D63: Produktionswasser | F63: Grundwasser · Gewässerzustand von Oberflächengewässern | H63: Vorkommen von Oberflächengewässer und Grundwasser · Vorkommen von Abwasser- und Entwässerungssystemen · Vorkommen von Infrastruktur an Binnengewässern | I63: Klimawirkung | J63: Produktionswasser | K63: ausgelesen
A64: 59 | B64: Infrastruktur | C64: Bauwesen | D64: Schäden an Gebäuden aufgrund von Starkregen | E64: Hagel · Starkregen · Starkwind · Schnee- und Eisdruck · Hitze · Kälte / Frost | F64: Abfluss und Wasserstand von Oberflächengewässern · Gravitative Massenbewegungen · Grundwasserstand · Einschränkungen der Funktionsfähigkeit von Kanalnetzen und Vorflutern | G64: Zustand von Gebäuden und Infrastrukturen · Verwendete Baumaterialien auf Gebäudeebene · Bauliche, organisatorische und finanzielle Vorsorge der Eigentümer und Nutzer · Zustand von (Schutz-)Infrastrukturen · Investitionen der Bau- und Immobilienwirtschaft in exponierten Gebieten | H64: Vorkommen von Bau- und Immobilienunternehmen · Vorkommen von Gebäuden · Vorkommen von Siedlungsinfrastrukturen | I64: Klimawirkung | J64: Schäden an Gebäuden und Infrastrukturen | K64: ausgelesen
A65: 60 | B65: Infrastruktur | C65: Bauwesen | D65: Schäden an Gebäuden aufgrund von Flusshochwasser | E65: Hagel · Starkregen · Starkwind · Schnee- und Eisdruck · Hitze · Kälte / Frost | F65: Wasserstand der Meere · Abfluss und Wasserstand von Oberflächengewässern · Gravitative Massenbewegungen · Grundwasserstand · Einschränkungen der Funktionsfähigkeit von Kanalnetzen und Vorflutern | G65: Zustand von Gebäuden und Infrastrukturen · Verwendete Baumaterialien auf Gebäudeebene · Bauliche, organisatorische und finanzielle Vorsorge der Eigentümer und Nutzer · Zustand von (Schutz-)Infrastrukturen · Investitionen der Bau- und Immobilienwirtschaft in exponierten Gebieten | H65: Vorkommen von Bau- und Immobilienunternehmen · Vorkommen von Gebäuden · Vorkommen von Siedlungsinfrastrukturen | I65: Klimawirkung | J65: Schäden an Gebäuden und Infrastrukturen | K65: ausgelesen
A66: 61 | B66: Infrastruktur | C66: Bauwesen | D66: Vegetation in Siedlungen | F66: Verschiebung von Arealen | G66: Begrünung von Städten / Siedlungen · Grad der Versiegelung · Bauliche, organisatorische und finanzielle Vorsorge der öffentlichen Hand | H66: Vorkommen von Bau- und Immobilienunternehmen · Vorkommen von Gebäuden · Vorkommen von Siedlungsinfrastrukturen | I66: Klimawirkung / V auf Container | J66: Vegetation in Siedlungen | K66: ausgelesen
A67: 62 | B67: Infrastruktur | C67: Bauwesen | D67: Stadtklima / Wärmeinseln | E67: Hitze · Sonnenscheindauer | F67: Vegetation in Siedlungen | G67: Begrünung von Städten / Siedlungen · Grad der Versiegelung | H67: Vorkommen von Bau- und Immobilienunternehmen · Vorkommen von Gebäuden · Vorkommen von Siedlungsinfrastrukturen | I67: Klimawirkung / V auf Container | J67: Stadtklima/Wärmeinseln | K67: ausgelesen
A68: 63 | B68: Infrastruktur | C68: Bauwesen | D68: Innenraumklima | E68: Hitze · Kälte / Frost · Luftfeuchtigkeit · Sonnenscheindauer · Nässe | G68: Verwendete Baumaterialien auf Gebäudeebene · Begrünung von Gebäuden | H68: Vorkommen von Bau- und Immobilienunternehmen · Vorkommen von Gebäuden · Vorkommen von Siedlungsinfrastrukturen | I68: Klimawirkung | J68: Innenraumklima | K68: ausgelesen
A69: 64 | B69: Infrastruktur | C69: Bauwesen | D69: Zeiten für Bautätigkeit | E69: Jahreszeiten · Sonnenscheindauer · Durchschnittstemperatur · Durchschnittlicher Niederschlag · Starkwind | G69: Abhängigkeit von konstanten Klimabedingungen bei Produktion und Lagerung | H69: Vorkommen von Bau- und Immobilienunternehmen · Vorkommen von Gebäuden · Vorkommen von Siedlungsinfrastrukturen | I69: Klimawirkung | J69: Zeiten für Bautätigkeit | K69: ausgelesen
A70: 65 | B70: Infrastruktur | C70: Energiewirtschaft | D70: Bedarf an Kühlenergie | E70: Durchschnittstemperatur · Hitze · Luftfeuchtigkeit | F70: Innenraumklima | G70: Energieeffizienz von Wärme- und Kühltechnologien · Wärmeschutz / Dämmung von Gebäuden und Anlagen · Energienachfrage allgemein | H70: Vorkommen von Energieunternehmen und Einrichtungen zur Energieumwandlung · Vorkommen von Übertragungsinfrastrukturen · Vorkommen von Energieverbrauchern | I70: Klimawirkung / V auf Container | J70: Bedarf an Kühlenergie | K70: ausgelesen
A71: 66 | B71: Infrastruktur | C71: Energiewirtschaft | D71: Bedarf an Heizenergie | E71: Durchschnittstemperatur · Kälte / Frost · Luftfeuchtigkeit | F71: Innenraumklima | G71: Energieeffizienz von Wärme- und Kühltechnologien · Wärmeschutz / Dämmung von Gebäuden und Anlagen · Energienachfrage allgemein | H71: Vorkommen von Energieunternehmen und Einrichtungen zur Energieumwandlung · Vorkommen von Übertragungsinfrastrukturen · Vorkommen von Energieverbrauchern | I71: Klimawirkung / V auf Container | J71: Bedarf an Heizenergie | K71: ausgelesen
A72: 67 | B72: Infrastruktur | C72: Energiewirtschaft | D72: Unterbrechung der regionalen Lieferketten für Energieträger | F72: Schiffbarkeit der Wasserstraßen | G72: Vorhaltung von Energieträgern · Abhängigkeit vom Import von Primärenergieträgern | H72: Vorkommen von Energieunternehmen und Einrichtungen zur Energieumwandlung · Vorkommen von Übertragungsinfrastrukturen · Vorkommen von Energieverbrauchern | I72: Klimawirkung | J72: Unterbrechung der regionalen Lieferketten für Kohle | K72: ausgelesen
A73: 68 | B73: Infrastruktur | C73: Energiewirtschaft | D73: Mangelndes Kühlwasser für thermische Kraftwerke | E73: Hitze | F73: Gewässertemperatur · Niedrigwasser | G73: Abhängigkeit von Kühlwasser aus Flüssen · Abhängigkeit von Kühlwassereinleitungen in Flüsse | H73: Vorkommen von Energieunternehmen und Einrichtungen zur Energieumwandlung · Vorkommen von Übertragungsinfrastrukturen · Vorkommen von Energieverbrauchern | I73: Klimawirkung | J73: Mangelndes Kühlwasser für thermische Kraftwerke | K73: ausgelesen
A74: 69 | B74: Infrastruktur | C74: Energiewirtschaft | D74: Ertragsminderung / -zunahme bei Photovoltaikanlagen und bei Windenergieanlagen an Land und auf See | E74: Durchschnittliche Windgeschwindigkeit · Starkwind · Durchschnittlicher Niederschlag · Intensiver Schneefall · Luftfeuchtigkeit · Nässe · Sonnenscheindauer | F74: Schäden an Kraftwerken und Erzeugungsanlagen | G74: Zustand und Ausstattung von Erzeugungsanlagen · Bauliche, organisatorische und finanzielle Vorsorge der Energieproduzenten | H74: Vorkommen von Energieunternehmen und Einrichtungen zur Energieumwandlung · Vorkommen von Übertragungsinfrastrukturen · Vorkommen von Energieverbrauchern | I74: Klimawirkung | J74: Ertragsausfall/-zunahme bei Photovoltaikanlagen; Ertragsausfall/-zunahme bei Windenergieanlagen an Land und auf See | K74: ausgelesen
A75: 70 | B75: Infrastruktur | C75: Energiewirtschaft | D75: Fehlende Zuverlässigkeit der Energieversorgung | E75: Globales Klima | F75: Ertragsausfall bei thermischen Kraftwerken · Ertragsausfall bei Wasserkraftwerken · Ertragsausfall/-zunahme bei Photovoltaikanlagen · Ertragsausfall/-zunahme bei Windenergieanlagen an Land und auf See · Energietransport | G75: Risikomanagement der Energieproduzenten · Anteil einzelner Energieerzeugungstechnologien an der Gesamterzeugung · Abhängigkeit von Energieimporten · Energienachfrage allgemein | H75: Vorkommen von Energieunternehmen und Einrichtungen zur Energieumwandlung · Vorkommen von Übertragungsinfrastrukturen · Vorkommen von Energieverbrauchern | I75: Klimawirkung | J75: Fehlende Zuverlässigkeit der Energieversorgung | K75: ausgelesen
A76: 71 | B76: Infrastruktur | C76: Verkehr, Verkehrsinfrastruktur | D76: Schiffbarkeit der Binnenschifffahrtsstraßen (Niedrigwasser) | F76: Niedrigwasser · Oberflächengewässer: Eisbedeckung · Schäden an Binnenwasserstraßen, Häfen und maritimen Einrichtungen | G76: Flussgebietseigenschaften · Anthropogene Beeinflussung von Binnenwasserstraßen (z.B. Stauung, Einleitungen) | H76: Vorkommen von Verkehrsteilnehmern · Vorkommen von Verkehrsmitteln · Vorkommen von Verkehrsinfrastrukturen | I76: Klimawirkung | J76: Schiffbarkeit der Wasserstraßen | K76: ausgelesen
A77: 72 | B77: Infrastruktur | C77: Verkehr, Verkehrsinfrastruktur | D77: Schiffbarkeit der Binnenschifffahrtsstraßen (Hochwasser) | F77: Hochwasser · Oberflächengewässer: Eisbedeckung · Schäden an Binnenwasserstraßen, Häfen und maritimen Einrichtungen | G77: Flussgebietseigenschaften · Anthropogene Beeinflussung von Binnenwasserstraßen (z.B. Stauung, Einleitungen) | H77: Vorkommen von Verkehrsteilnehmern · Vorkommen von Verkehrsmitteln · Vorkommen von Verkehrsinfrastrukturen | I77: Klimawirkung | J77: Schiffbarkeit der Wasserstraßen | K77: ausgelesen
A78: 73 | B78: Infrastruktur | C78: Verkehr, Verkehrsinfrastruktur | D78: Schiffbarkeit der Seeschifffahrtsstraßen | F78: Meer: Eisbedeckung · Seegang · Sturmfluten · Schäden an Binnenwasserstraßen, Häfen und maritimen Einrichtungen | G78: Flussgebietseigenschaften · Anthropogene Beeinflussung von Binnenwasserstraßen (z.B. Stauung, Einleitungen) | H78: Vorkommen von Verkehrsteilnehmern · Vorkommen von Verkehrsmitteln · Vorkommen von Verkehrsinfrastrukturen | I78: Klimawirkung | J78: Schiffbarkeit der Wasserstraßen | K78: ausgelesen
A79: 74 | B79: Infrastruktur | C79: Verkehr, Verkehrsinfrastruktur | D79: Schäden / Hindernisse bei Straßen und Schienenwegen (Hochwasser) | E79: Starkregen · Starkwind · Hitze · Kälte / Frost · Wechselfrost | F79: Hochwasser · Sturzfluten · Meeresspiegelhöhe · Sturmfluten · Grundwasserstand · Schäden an Gebäuden und Infrastrukturen | G79: Bauliche und organisatorische Vorsorge an Infrastrukturen · Zustand von Infrastrukturen · Verwendete Baumaterialien / Gestaltung · Begrünung von Infrastrukturen | H79: Vorkommen von Verkehrsteilnehmern · Vorkommen von Verkehrsmitteln · Vorkommen von Verkehrsinfrastrukturen | I79: Klimawirkung | J79: Schäden an Straßen, Schieneninfrastruktur, Startbahnen; Hindernisse auf Straßen und Schienenwegen | K79: ausgelesen
A80: 75 | B80: Infrastruktur | C80: Verkehr, Verkehrsinfrastruktur | D80: Schäden / Hindernisse bei Straßen und Schienenwegen (Gravitative Massenbewegungen) | E80: Starkregen · Starkwind | F80: Gravitative Massenbewegungen · Schäden durch Windwurf · Schäden an Gebäuden und Infrastrukturen | G80: Bauliche und organisatorische Vorsorge an Infrastrukturen · Zustand von Infrastrukturen · Verwendete Baumaterialien / Gestaltung · Begrünung von Infrastrukturen | H80: Vorkommen von Verkehrsteilnehmern · Vorkommen von Verkehrsmitteln · Vorkommen von Verkehrsinfrastrukturen | I80: Klimawirkung | J80: Schäden an Straßen, Schieneninfrastruktur, Startbahnen; Hindernisse auf Straßen und Schienenwegen | K80: ausgelesen
A81: 76 | B81: Infrastruktur | C81: Verkehr, Verkehrsinfrastruktur | D81: Schäden an Verkehrsleitsystemen, Oberleitungen und Stromversorgungsanlagen | E81: Hagel · Blitz · Kälte / Frost · Schnee- und Eisdruck · Starkregen · Starkwind | F81: Meeresspiegelhöhe · Sturmfluten · Hochwasser · Sturzfluten · Gravitative Massenbewegungen | G81: Bauliche und organisatorische Vorsorge an Infrastrukturen · Zustand von Infrastrukturen · Verwendete Baumaterialien / Gestaltung · Begrünung von Infrastrukturen | H81: Vorkommen von Verkehrsteilnehmern · Vorkommen von Verkehrsmitteln · Vorkommen von Verkehrsinfrastrukturen | I81: Klimawirkung | J81: Schäden an Verkehrsleitsystemen und Stromversorgungsanlagen | K81: ausgelesen
A82: 77 | B82: Infrastruktur | C82: Verkehr, Verkehrsinfrastruktur | D82: Schäden an Binnen- und Seeschifffahrtsstraßen, Häfen und maritimen Infrastrukturen | E82: Hagel · Starkregen · Starkwind · Hitze · Kälte / Frost | F82: Meeresspiegelhöhe · Sturmfluten · Hochwasser | G82: Bauliche und organisatorische Vorsorge an Infrastrukturen · Zustand von Infrastrukturen · Verwendete Baumaterialien / Gestaltung · Begrünung von Infrastrukturen | H82: Vorkommen von Verkehrsteilnehmern · Vorkommen von Verkehrsmitteln · Vorkommen von Verkehrsinfrastrukturen | I82: Klimawirkung | J82: Schäden an Binnenwasserstraßen, Häfen und maritimen Einrichtungen | K82: ausgelesen
A83: 78 | B83: Wirtschaft | C83: Industrie und Gewerbe | D83: Beeinträchtigung der Versorgung mit Rohstoffen und Zwischenprodukten (international) | E83: Globales Klima | F83: Ertrag und Qualität der Ernteprodukte · Leistung von Viehhaltung, Milchwirtschaft · Güter und Dienstleistungen des Waldes · Fangbedingungen und Fangmengen · Schäden an gewerblicher und industrieller Infrastruktur · Beeinträchtigung des landgestützten Warenverkehrs · Beeinträchtigung des Warenverkehrs über Wasserstraßen | G83: Bauliche, organisatorische und finanzielle Vorsorge der Unternehmen · Größe des Unternehmens / Anzahl und Größe der Standorte · Abhängigkeit von (einzelnen) Zulieferern · Länge der Wertschöpfungsketten | H83: Vorkommen von Unternehmen und Betriebsstätten · Vorkommen von betrieblichen Infrastrukturen | I83: Klimawirkung | J83: Fehlende Rohstoffversorgung; Beeinträchtigung der Leistung von Zulieferern | K83: ausgelesen
A84: 79 | B84: Wirtschaft | C84: Industrie und Gewerbe | D84: Bedingungen auf Absatzmärkten (international) | E84: Globales Klima | F84: Beeinträchtigung von Produktions- und Logistikprozessen · Umweltwirkungen von Unternehmen | G84: Bauliche, organisatorische und finanzielle Vorsorge der Unternehmen · Größe des Unternehmens / Anzahl und Größe der Standorte · Abhängigkeit von (einzelnen) Kunden | H84: Vorkommen von Unternehmen und Betriebsstätten · Vorkommen von betrieblichen Infrastrukturen | I84: Klimawirkung | J84: Bedingungen auf Absatzmärkten | K84: ausgelesen
A85: 80 | B85: Wirtschaft | C85: Industrie und Gewerbe | D85: Wettbewerbsvorteil in innovativen Umwelttechnologien | E85: Globales Klima | F85: Umweltwirkungen von Unternehmen | G85: Bauliche, organisatorische und finanzielle Vorsorge der Unternehmen · Größe des Unternehmens / Anzahl und Größe der Standorte · Klimafreundlichkeit der Produkte | H85: Vorkommen von Unternehmen und Betriebsstätten · Vorkommen von betrieblichen Infrastrukturen | I85: Klimawirkung | J85: Wettbewerbsvorteil in innovativen Umwelttechnologien | K85: ausgelesen
A86: 81 | B86: Wirtschaft | C86: Industrie und Gewerbe | D86: Beeinträchtigung des internationalen Warentransports | F86: Behinderungen / Verzögerungen · Unterbrechungen / Streckensperrungen | G86: Bauliche, organisatorische und finanzielle Vorsorge der Unternehmen · Größe des Unternehmens / Anzahl und Größe der Standorte · Abhängigkeit von Just-in-Time-Logistik | H86: Vorkommen von Unternehmen und Betriebsstätten · Vorkommen von betrieblichen Infrastrukturen | I86: Klimawirkung | J86: Beeinträchtigung des landgestützten Warenverkehrs (international) | K86: ausgelesen
A87: 82 | B87: Wirtschaft | C87: Industrie und Gewerbe | D87: Beeinträchtigung des Warenverkehrs über Wasserstraßen (Inland) | F87: Schiffbarkeit der Wasserstraßen | G87: Bauliche, organisatorische und finanzielle Vorsorge der Unternehmen · Größe des Unternehmens / Anzahl und Größe der Standorte · Abhängigkeit von Just-in-Time-Logistik | H87: Vorkommen von Unternehmen und Betriebsstätten · Vorkommen von betrieblichen Infrastrukturen | I87: Klimawirkung | J87: Beeinträchtigung des Warenverkehrs über Wasserstraßen | K87: ausgelesen
A88: 83 | B88: Wirtschaft | C88: Industrie und Gewerbe | D88: Beeinträchtigung des landgestützten Warenverkehrs (Inland) | F88: Behinderungen / Verzögerungen · Unterbrechungen / Streckensperrungen | G88: Bauliche, organisatorische und finanzielle Vorsorge der Unternehmen · Größe des Unternehmens / Anzahl und Größe der Standorte · Abhängigkeit von Just-in-Time-Logistik | H88: Vorkommen von Unternehmen und Betriebsstätten · Vorkommen von betrieblichen Infrastrukturen | I88: Klimawirkung | J88: Beeinträchtigung des landgestützten Warenverkehrs | K88: ausgelesen
A89: 84 | B89: Wirtschaft | C89: Industrie und Gewerbe | D89: Energieverbrauch und Beeinträchtigung bei der Energieversorgung | E89: Durchschnittstemperatur · Kälte / Frost · Luftfeuchtigkeit | F89: Fehlende Zuverlässigkeit der Energieversorgung · Schäden an gewerblicher und industrieller Infrastruktur | G89: Bauliche, organisatorische und finanzielle Vorsorge der Unternehmen · Größe des Unternehmens / Anzahl und Größe der Standorte · Wasser-, Energie- und Rohstoffintensität der Produktion | H89: Vorkommen von Unternehmen und Betriebsstätten · Vorkommen von betrieblichen Infrastrukturen | I89: Klimawirkung | J89: Energieverbrauch; Fehlende Energieversorgung | K89: ausgelesen
A90: 85 | B90: Wirtschaft | C90: Industrie und Gewerbe | D90: Wasserbedarf | E90: Durchschnittstemperatur · Hitze · Durchschnittlicher Niederschlag · Trockenheit · Luftfeuchtigkeit | F90: Wassernutzung · Schäden an gewerblicher und industrieller Infrastruktur | G90: Bauliche, organisatorische und finanzielle Vorsorge der Unternehmen · Größe des Unternehmens / Anzahl und Größe der Standorte · Wasser-, Energie- und Rohstoffintensität der Produktion | H90: Vorkommen von Unternehmen und Betriebsstätten · Vorkommen von betrieblichen Infrastrukturen | I90: Klimawirkung | J90: Wasserverbrauch; Fehlende Wasserversorgung | K90: ausgelesen
A91: 86 | B91: Wirtschaft | C91: Industrie und Gewerbe | D91: Freisetzung gefährlicher Stoffe | E91: Starkregen · Starkwind | F91: Schäden an gewerblicher und industrieller Infrastruktur | G91: Bauliche, organisatorische und finanzielle Vorsorge der Unternehmen | H91: Vorkommen von Unternehmen und Betriebsstätten · Vorkommen von betrieblichen Infrastrukturen | I91: Klimawirkung | J91: Freisetzung gefährlicher Stoffe | K91: ausgelesen
A92: 87 | B92: Wirtschaft | C92: Industrie und Gewerbe | D92: Leistungseinbußen von Beschäftigten | F92: Hitzebelastung · Hoher Krankenstand / Belastung der Rettungsdienste, Krankenhäuser und Ärzte | G92: Bauliche, organisatorische und finanzielle Vorsorge der Unternehmen · Arbeitsbedingungen der Beschäftigten (z.B. Anzahl der Außeneinsätze) | H92: Vorkommen von Unternehmen und Betriebsstätten · Vorkommen von betrieblichen Infrastrukturen | I92: Klimawirkung | J92: Leistungseinbußen von Beschäftigten | K92: ausgelesen
A93: 88 | B93: Wirtschaft | C93: Industrie und Gewerbe | D93: Beeinträchtigung von Produktionsprozessen | E93: Hitze · Luftfeuchtigkeit | F93: Leistungseinbußen von Maschinen · Beeinträchtigung des landgestützten Warenverkehrs · Beeinträchtigung des Warenverkehrs über Wasserstraßen · Arbeitskräfte und Beschäftigte · Schäden an gewerblicher und industrieller Infrastruktur · Rohstoff-, Wasser- und Energieversorgung · Beeinträchtigung der Leistung von Zulieferern | G93: Bauliche, organisatorische und finanzielle Vorsorge der Unternehmen · Größe des Unternehmens / Anzahl und Größe der Standorte | H93: Vorkommen von Unternehmen und Betriebsstätten · Vorkommen von betrieblichen Infrastrukturen | I93: Klimawirkung | J93: Beeinträchtigung von Produktions- und Logistikprozessen | K93: ausgelesen
A94: 89 | B94: Wirtschaft | C94: Industrie und Gewerbe | D94: Aufwand für die betriebliche Planung | F94: Beeinträchtigung von Produktions- und Logistikprozessen · Umweltwirkungen von Unternehmen | G94: Bauliche, organisatorische und finanzielle Vorsorge der Unternehmen · Größe des Unternehmens / Anzahl und Größe der Standorte | H94: Vorkommen von Unternehmen und Betriebsstätten · Vorkommen von betrieblichen Infrastrukturen | I94: Klimawirkung | J94: Aufwand für die betriebliche Planung | K94: ausgelesen
A95: 90 | B95: Wirtschaft | C95: Tourismuswirtschaft | D95: Einschränkungen touristischer Angebote: Auswirkungen fehlender Schneesicherheit auf den Wintertourismus | E95: Durchschnittstemperatur · Hitze · Kälte / Frost · Länge der Sommersaison · Länge der Wintersaison · Durchschnittlicher Niederschlag · Schneeschmelze · Schneesicherheit · Starkregen · Starkwind · Sonnenscheindauer | F95: Schäden an touristischen Infrastrukturen · Finanzielle Unsicherheiten bei Tourismusanbietern · Wirtschaftliche Erfolgsaussichten für Tourismusanbieter | G95: Bauliche, organisatorische und finanzielle Vorsorge der Tourismusanbieter · Zustand und Ausstattung von touristischen Infrastrukturen | H95: Vorkommen von lokalen Tourismusanbietern · Vorkommen von touristischen Infrastrukturen | I95: Klimawirkung | J95: Wegfall / Hinzukommen von touristischen Angeboten | K95: ausgelesen
A96: 91 | B96: Wirtschaft | C96: Tourismuswirtschaft | D96: Einschränkungen touristischer Angebote: Auswirkungen von Hitze auf den Gesundheitstourismus | E96: Durchschnittstemperatur · Hitze · Kälte / Frost · Länge der Sommersaison · Länge der Wintersaison · Durchschnittlicher Niederschlag · Schneeschmelze · Schneesicherheit · Starkregen · Starkwind · Sonnenscheindauer | F96: Schäden an touristischen Infrastrukturen · Finanzielle Unsicherheiten bei Tourismusanbietern · Wirtschaftliche Erfolgsaussichten für Tourismusanbieter | G96: Bauliche, organisatorische und finanzielle Vorsorge der Tourismusanbieter · Zustand und Ausstattung von touristischen Infrastrukturen | H96: Vorkommen von lokalen Tourismusanbietern · Vorkommen von touristischen Infrastrukturen | I96: Klimawirkung | J96: Wegfall / Hinzukommen von touristischen Angeboten | K96: ausgelesen
A97: 92 | B97: Wirtschaft | C97: Tourismuswirtschaft | D97: Schäden an touristischen Infrastrukturen und Betriebsunterbrechungen | E97: Hagel · Hitze · Kälte / Frost · Schnee- und Eisdruck · Starkregen · Starkwind · Jahreszeiten · Schneesicherheit · Sonnenscheindauer | F97: Wasserstand der Meere · Hochwasser · Sturzfluten · Niedrigwasser · Gravitative Massenbewegungen · Grundwasserstand · Badewasser · Meer: Biologische Wasserqualität (Eutrophierung, Blaualgen) | G97: Zustand und Ausstattung von touristischen Infrastrukturen · Bauliche, organisatorische und finanzielle Vorsorge der Tourismusanbieter | H97: Vorkommen von lokalen Tourismusanbietern · Vorkommen von touristischen Infrastrukturen | I97: Klimawirkung | J97: Schäden an touristischen Infrastrukturen; Betriebsunterbrechungen | K97: ausgelesen
A98: 93 | B98: Wirtschaft | C98: Tourismuswirtschaft | D98: Verlagerung der Nachfrage | E98: Globales Klima | F98: Touristische Nachfrage | G98: Möglichkeiten der Zielgruppe, räumliche Distanzen zu überwinden · Möglichkeiten der Zielgruppe, Reisezeiten frei zu wählen · Möglichkeiten der Zielgruppe, Urlaubsaktivitäten frei zu wählen | H98: Vorkommen von lokalen Tourismusanbietern · Vorkommen von touristischen Infrastrukturen | I98: Klimawirkung | J98: Räumliche Verlagerung der Nachfrage auf regionaler Ebene; Räumliche Verlagerung der Nachfrage auf internationaler Ebene | K98: ausgelesen
A99: 94 | B99: Wirtschaft | C99: Tourismuswirtschaft | D99: Wirtschaftliche Chancen und Risiken für die Tourismuswirtschaft | F99: Touristische Nachfrage · Kosten für Tourismusanbieter | G99: Grad der Spezialisierung von Tourismusanbietern · Standortgebundenheit · Wetterabhängigkeit | H99: Vorkommen von lokalen Tourismusanbietern · Vorkommen von touristischen Infrastrukturen | I99: Container | J99: Finanzielle Unsicherheiten bei Tourismusanbietern; Wirtschaftliche Erfolgsaussichten für Tourismusanbieter | K99: ausgelesen
A100: 95 | B100: Gesundheit | C100: Menschliche Gesundheit | D100: Hitzebelastung | E100: Hitze | F100: Stadtklima / Wärmeinseln | G100: Individueller Gesundheitszustand · Individuelles Gefahrenbewusstsein · Monitoring von Gesundheitsgefahren und Frühwarnsysteme · Verfügbarkeit von gekühlten Aufenthaltsräumen | H100: Vorkommen von Bevölkerung · Vorkommen von Gesundheitsinfrastruktur | I100: Klimawirkung | J100: Hitzebelastung | K100: ausgelesen
A101: 96 | B101: Gesundheit | C101: Menschliche Gesundheit | D101: Allergische Reaktionen durch Aeroallergene pflanzlicher Herkunft | F101: Vegetation · Ausbreitung von Pflanzenarten mit allergenem Potenzial · Pollenflug | G101: Individueller Gesundheitszustand · Individuelles Gefahrenbewusstsein · Monitoring von Gesundheitsgefahren und Frühwarnsysteme | H101: Vorkommen von Bevölkerung · Vorkommen von Gesundheitsinfrastruktur | I101: Klimawirkung | J101: Allergische Reaktionen durch Aeroallergene pflanzlicher Herkunft (z.B. Pollen) | K101: ausgelesen
A102: 97 | B102: Gesundheit | C102: Menschliche Gesundheit | D102: Potenziell schädliche Mikroorganismen und Algen | F102: Badewasser · Meere: Biologische Wasserqualität (Eutrophierung, Blaualgen) · Oberflächengewässer: Biologische Wasserqualität (Eutrophierung, Blaualgen) | G102: Individueller Gesundheitszustand · Individuelles Gefahrenbewusstsein · Monitoring von Gesundheitsgefahren und Frühwarnsysteme | H102: Vorkommen von Bevölkerung · Vorkommen von Gesundheitsinfrastruktur | I102: Klimawirkung | J102: Potentiell schädliche Mikroorganismen und Algen, inkl. Blaualgen | K102: ausgelesen
...

Sheet Faktoren-Ranking
A1: Welcher Faktor betrifft wie viele der 102 Klimawirkungen?
A2: Abgeleitet aus dem Blatt „Wirkungsmechanismen“ (Quelle: UBA 2016, Klimawirkungsketten).
A4: Hazard – klimatische Einflüsse | B4: Anzahl | D4: Hazard – vorgelagerte Klimawirkungen | E4: Anzahl | G4: Vulnerabilität – Sensitivitätsfaktoren | H4: Anzahl
A5: Hitze | B5: 27 | D5: Sturmfluten | E5: 15 | G5: Topographie und Landnutzung | H5: 21
A6: Starkregen | B6: 22 | D6: Bodenwasserhaushalt | E6: 11 | G6: Bauliche, organisatorische und finanzielle Vorsorge der Unternehmen | H6: 12
A7: Starkwind | B7: 22 | D7: Abfluss und Wasserstand von Oberflächengewässern | E7: 10 | G7: Größe des Unternehmens / Anzahl und Größe der Standorte | H7: 10
A8: Durchschnittstemperatur | B8: 19 | D8: Strömungen und Gezeitendynamik | E8: 10 | G8: Habitat-, Biotop-, Ökosystemeigenschaften | H8: 9
A9: Trockenheit | B9: 15 | D9: Beeinträchtigung der Vitalität von Pflanzen | E9: 9 | G9: Bodeneigenschaften | H9: 6
A10: Kälte / Frost | B10: 13 | D10: Beeinträchtigung der Vitalität von Tieren | E10: 9 | G10: Individuelles Gefahrenbewusstsein | H10: 6
A11: Sonnenscheindauer | B11: 11 | D11: Meeresspiegelhöhe | E11: 9 | G11: Eigenschaften des Meeres | H11: 5
A12: Nässe | B12: 10 | D12: Gravitative Massenbewegungen | E12: 8 | G12: Monitoring von Gesundheitsgefahren und Frühwarnsysteme | H12: 5
A13: Durchschnittlicher Niederschlag | B13: 8 | D13: Gewässerzustand von Oberflächengewässern | E13: 8 | G13: Bauliche und organisatorische Vorsorge an Infrastrukturen | H13: 4
A14: Hagel | B14: 7 | D14: Grundwasserstand | E14: 7 | G14: Zustand von Infrastrukturen | H14: 4
A15: Luftfeuchtigkeit | B15: 7 | D15: Hochwasser | E15: 7 | G15: Verwendete Baumaterialien / Gestaltung | H15: 4
A16: Globales Klima | B16: 5 | D16: Areale, Arten und Populationen | E16: 6 | G16: Begrünung von Infrastrukturen | H16: 4
... A29: UV-Strahlung | B29: 1 | D29: Wasserstand der Meere | E29: 3 | G29: Flussgebietseigenschaften | H29: 3

Sheet Wirkbeziehungen
A1: Wirkbeziehungen zwischen den Klimawirkungen
A2: Die KWRA nennt 257 Querverbindungen, veröffentlicht die Einzelkanten aber in keinem der sechs Teilberichte als Liste. Abbildung 8 in Teilbericht 6 ist ein Chord-Diagramm auf Handlungsfeldebene, aus dem sich keine exakten Kantenzahlen ablesen lassen. Dieses Blatt enthält deshalb nur, was belegt ist.
A5: 1. Kennzahlen (Teilbericht 6, Kapitel 3.4)
A6: Querverbindungen insgesamt | B6: 257
A7: Durchschnitt je Klimawirkung | B7: rund 2,5 ein- oder ausgehende Beziehungen
A8: Klimawirkungen mit ausgehenden Beziehungen | B8: 71 von 102
A9: Klimawirkungen mit eingehenden Beziehungen | B9: 62 von 102
A10: Handlungsfeld mit den meisten ausgehenden Beziehungen | B10: Wasserhaushalt, Wasserwirtschaft
A11: Handlungsfeld mit den meisten eingehenden Beziehungen | B11: Tourismuswirtschaft
A12: Nur ausgehende Beziehungen | B12: Küsten- und Meeresschutz
A13: Nur eingehende Beziehungen | B13: Tourismuswirtschaft
A15: 2. Querverbindungen zwischen den Systembereichen (Teilbericht 6, Tabelle 28)
A16: Rein vorgelagerte Klimawirkungen sind in dieser Matrix nicht enthalten. Die Diagonale zählt Wirkbeziehungen innerhalb desselben Systembereichs; die Summenspalte nur die Beziehungen zu den vier anderen Systembereichen.
A17: von ↓ / zu → | B17: Natürliche Systeme und Ressourcen | C17: Naturnutzende Wirtschaftssysteme | D17: Infrastrukturen und Gebäude | E17: Naturferne Wirtschaftssysteme | F17: Menschen und soziale Systeme | G17: Summe ausgehend
A18: Natürliche Systeme und Ressourcen | B18: 24 | C18: 50 | D18: 13 | E18: 9 | F18: 8 | G18: 80
A19: Naturnutzende Wirtschaftssysteme | B19: 6 | C19: 44 | D19: 13 | E19: 8 | F19: 8 | G19: 35
A20: Infrastrukturen und Gebäude | B20: 3 | C20: 3 | D20: 26 | E20: 13 | F20: 11 | G20: 30
A21: Naturferne Wirtschaftssysteme | B21: 0 | C21: 0 | D21: 0 | E21: 5 | F21: 0 | G21: 0
A22: Menschen und soziale Systeme | B22: 0 | C22: 4 | D22: 1 | E22: 7 | F22: 6 | G22: 12
A24: 3. Im Fließtext ausdrücklich benannte Einzelbeziehungen (Auszug, nicht vollständig)
A25: Quelle (wirkt auf) | B25: Ziel (wird beeinflusst) | C25: Ebene | D25: Beleg
A26: Hochwasser | B26: zahlreiche Klimawirkungen in mehreren Handlungsfeldern | C26: Klimawirkung | D26: TB6 Kap. 3.4: zentrale Klimawirkung, wirkt sich auf die meisten anderen aus
A27: Gewässertemperatur und Eisbedeckung und biologische Wasserqualität | B27: Potenziell schädliche Mikroorganismen und Algen | C27: Klimawirkung | D27: TB6 Kap. 3.4: fördert deren Entwicklung
A28: Stadtklima / Wärmeinseln | B28: Hitzebelastung | C28: Klimawirkung | D28: TB6 Kap. 3.4: zunehmender urbaner Wärmeinseleffekt erhöht die Hitzebelastung
A29: Veränderung der Länge der Vegetationsperiode und Phänologie | B29: Allergische Reaktionen durch Aeroallergene pflanzlicher Herkunft | C29: Klimawirkung | D29: TB6 Kap. 3.4: verlängerte Vegetationsperiode verstärkt Pollenreaktionen
A30: Hochwasser | B30: Verletzungen und Todesfälle infolge von Extremereignissen | C30: Klimawirkung | D30: TB6 Kap. 3.4
A31: Sturzfluten (Versagen von Entwässerungseinrichtungen und Überflutungsschutzsystemen) | B31: Verletzungen und Todesfälle infolge von Extremereignissen | C31: Klimawirkung | D31: TB6 Kap. 3.4
A32: Niedrigwasser | B32: Beeinträchtigung des Warenverkehrs über Wasserstraßen (Inland) | C32: Klimawirkung | D32: TB6 Kap. 3.4: niedrigwasserbedingte Einschränkungen im Warentransport
A33: Hochwasser | B33: Schäden / Hindernisse bei Straßen und Schienenwegen (Hochwasser) | C33: Klimawirkung | D33: TB6 Kap. 3.4: Beeinträchtigung der Verkehrswege
A34: Boden (Handlungsfeld) | B34: Grundwasserstand und Grundwasserqualität | C34: gemischt | D34: TB6 Kap. 3.4: viele Klimawirkungen des Bodens wirken hierauf ein
A35: Boden und Biologische Vielfalt (Handlungsfelder) | B35: Ertragsausfälle | C35: gemischt | D35: TB6 Kap. 3.4: landwirtschaftliche Ertragsausfälle werden von vielen Klimawirkungen dieser Handlungsfelder beeinflusst
A36: Boden und Biologische Vielfalt (Handlungsfelder) | B36: Qualität der Ernteprodukte | C36: gemischt | D36: TB6 Kap. 3.4
... A45: Wasserhaushalt, Wasserwirtschaft (Handlungsfeld) | B45: Tourismuswirtschaft (Handlungsfeld) | C45: Handlungsfeld | D45: TB6 Kap. 3.4
A47: Für das Produkt: Die Spalte „Netzrolle“ im Blatt „Klimawirkungen“ markiert die 25 Klimawirkungen, die Teilbericht 6 ausdrücklich als starke Sender oder Empfänger benennt. Eine vollständige Kantenliste müsste eigenständig modelliert und als solche gekennzeichnet werden – sie ist keine KWRA-Angabe.

Sheet Lesehinweise
A1: KWRA 2021 – 102 Klimawirkungen: Lesehinweise
A2: Vollständig aufbereitet aus allen sechs Teilberichten der Klimawirkungs- und Risikoanalyse 2021 (Umweltbundesamt).
A4: Belegstatus
A5: Vollständig | B5: Alle Spalten sind aus den Teilberichten belegt. Es gibt keine geschätzten oder abgeleiteten Werte mehr.
A6: Leere Zellen sind korrekt | B6: Die Anpassungsspalten (Wirksamkeit, Restrisiko) sind nur für die 33 Klimawirkungen befüllt, für die die KWRA die Anpassungskapazität analysiert hat. Für die übrigen 69 existieren diese Bewertungen nicht. Spezifizierung und Indikatoren gibt es nur für intensiv bearbeitete Klimawirkungen.
A8: Kontrollsummen – alle stimmen mit der KWRA überein
A9: 102 Klimawirkungen | B9: 32 Land + 26 Wasser + 19 Infrastruktur + 17 Wirtschaft + 8 Gesundheit
A10: 13 Handlungsfelder | B10: eigenes Blatt mit den Bewertungen auf Handlungsfeldebene
A11: 31 sehr dringend | B11: Teilbericht 6, Tabelle 25
A12: 23 dringend | B12: Teilbericht 6, Tabelle 26
A13: 33 mit Anpassungskapazität | B13: Teilbericht 6, Tabelle 22
A14: 37 intensiv bearbeitet | B14: Teilberichte 2–5, Übersichtstabellen je Handlungsfeld — entspricht 35 namentlich benannten Klimawirkungen, weil „Schäden an Gebäuden“ und „Einschränkungen touristischer Angebote“ hier in je zwei Spezifizierungszeilen stehen
A15: 9 rein vorgelagert | B15: in Teilbericht 6, Tabelle 1 mit „*“ gekennzeichnet
A16: 2 Chancen | B16: Bedarf an Heizenergie; Wettbewerbsvorteil in innovativen Umwelttechnologien
A18: Die vier Blöcke im Blatt „Klimawirkungen“
A19: Stamm (A–D) | B19: Cluster, Handlungsfeld, Klimawirkung. Die ID ist der stabile Schlüssel.
A20: A. Fachliche Zerlegung (E–M) | B20: Bearbeitungstiefe, Spezifizierung, integrierte Klimawirkungen, Faktoren, Indikatoren, Typ, Vorgelagert-Kennzeichen, Systembereich.
A21: B. Risiko ohne Anpassung (N–U) | B21: Dreistufig (gering/mittel/hoch) für fünf Kombinationen aus Zeitscheibe und Fall, dazu Gewissheit und Anpassungsdauer.
A22: C. Anpassung (V–AJ) | B22: Wirksamkeit der Maßnahmen, verbleibendes Restrisiko, Handlungserfordernis und Grenzen der Anpassung. Fünfstufige Skala.
A24: Wirksamkeit ist nicht Restrisiko
A25: Wirksamkeit | B25: Wie stark die Maßnahmen das Risiko senken können. Quelle: Teilbericht 6, Tabelle 22.
A26: Restrisiko | B26: Welches Risiko nach der Anpassung verbleibt. Quelle: Teilberichte 2–5, Tabellen „Klimarisiken mit Anpassung im Handlungsfeld …“. Das ist die Größe, die für Anpassungsentscheidungen zählt.
A27: APA III | B27: Aktionsplan Anpassung III – die bereits beschlossenen Maßnahmen des Bundes. „Weiterreichend“ meint darüber hinausgehende Maßnahmen.
A29: Worauf beim Einbauen zu achten ist
A30: Namensgleichheit | B30: „Stress durch Schädlinge / Krankheiten“ existiert wortgleich in Wald- und Forstwirtschaft (ID 28) und in Fischerei (ID 36) – mit unterschiedlicher Bearbeitungstiefe, unterschiedlichen Bewertungen und unterschiedlichem Handlungserfordernis. Immer über die ID verknüpfen, nie über den Namen.
A31: Rein vorgelagerte Klimawirkungen | B31: Neun physische Veränderungen ohne Anpassungsoption, etwa der Meeresspiegelanstieg. Sie wurden nur ohne Anpassung bewertet und sollten nicht wie handlungsleitende Risiken dargestellt werden.
A32: Grenzen der Anpassung | B32: Vier Klimawirkungen haben ein mittleres bis hohes Risiko, aber keine Anpassungsoption: Bodenbiologie, Bodenfunktionen, Veränderung der Vegetationsperiode und Schäden an Gebirgsökosystemen. Sie sind keiner Dringlichkeitsstufe zugeordnet.
A33: Abweichende Namen in den Teilberichten | B33: Einzelne Klimawirkungen heißen in den Teilberichten 2–5 leicht anders als in Teilbericht 6 (zum Beispiel „Schäden in Wäldern“ statt „Schäden an Wäldern“, „Nutzfunktion (Holzertrag)“ statt „Nutzfunktion: Holzertrag“). Diese Tabelle folgt durchgängig der Schreibweise aus Teilbericht 6, Tabelle 1.
A34: Unstimmigkeit im Bericht | B34: Teilbericht 6 nennt in Kapitel 6.1 auch „Biologische Vielfalt“ als Handlungsfeld mit rein vorgelagerten Klimawirkungen. In Tabelle 1 ist dort jedoch keine mit „*“ markiert. Diese Tabelle folgt der Markierung in Tabelle 1.
A36: Querschnittsfelder – bewusst nicht enthalten
A37: Raumordnung, Bevölkerungsschutz, Finanzwirtschaft | B37: Keine Handlungsfelder und ohne eigene Klimawirkungen. Sie liefern Anpassungskapazität in die 13 Handlungsfelder hinein.
A39: Was noch fehlt
A40: 257 Wirkbeziehungen | B40: Die KWRA nennt 257 Querverbindungen, veröffentlicht die Einzelkanten aber in keinem Teilbericht als Liste. Das Blatt „Wirkbeziehungen“ enthält alles, was belegt ist: die Kennzahlen, die exakte Matrix der fünf Systembereiche und die im Fließtext benannten Einzelbeziehungen. Eine vollständige Kantenliste müsste eigenständig modelliert werden.
A41: Räumliche Ebene | B41: Bewertungen je Klimaraumtyp (7 Typen) und die Hotspot-Karten.
A42: Anpassungsdimensionen | B42: Teilberichte 2–5 enthalten je Klimawirkung die Beiträge in den sechs Anpassungsdimensionen auf einer Skala von 1 bis 5.
A44: Quellen
B45: Teilbericht 2: Cluster Land (Climate Change 21/2021)
B46: Teilbericht 3: Cluster Wasser (Climate Change 22/2021)
B47: Teilbericht 4: Cluster Infrastruktur (Climate Change 23/2021)
B48: Teilbericht 5: Cluster Wirtschaft und Gesundheit (Climate Change 24/2021)
B49: Teilbericht 6: Integrierte Auswertung (Climate Change 25/2021)
B50: Anhang: Daten und Indikatoren-Kennblätter (Climate Change 20/2021)
B51: https://www.umweltbundesamt.de/publikationen/KWRA-Zusammenfassung

Sheet Codelisten
A1: Zulässige Werte (KWRA-Skalen)
A3: Klimarisiko ohne Anpassung (Klimawirkungsebene)
B4: gering
B5: mittel
B6: hoch
A8: Wirksamkeit, Restrisiko, Handlungsfeldebene (5-stufig)
B9: gering
B10: gering-mittel
B11: mittel
B12: mittel-hoch
B13: hoch
A15: Gewissheit
B16: sehr gering
B17: gering
B18: mittel
B19: hoch
A21: Anpassungsdauer
B22: < 10
B23: 10-50
B24: > 50
B25: keine Reaktion möglich
A27: Bearbeitungstiefe
B28: intensiv (37 Zeilen / 35 benannte Klimawirkungen, mit Indikatoren und quantitativen Daten)
B29: extensiv (65 Zeilen, qualitativ)
A31: Handlungserfordernis
B32: sehr dringend (31)
B33: dringend (23)
B34: nicht als (sehr) dringend ausgewiesen (44)
B35: nicht zuordenbar, keine Anpassungsoption (4)
A37: Systembereiche (5)
B38: Natürliche Systeme und Ressourcen (N)
B39: Naturnutzende Wirtschaftssysteme (Nn)
B40: Infrastrukturen und Gebäude (I&G)
B41: Naturferne Wirtschaftssysteme (Nf)
B42: Menschen und soziale Systeme (M)
A44: Schutzgüter (4)
B45: Mensch
B46: Volkswirtschaft
B47: Umwelt
B48: kulturelles Erbe
A50: Klimatische Einflüsse (6 dominante)
B51: durchschnittlicher Temperaturanstieg
B52: Hitze
B53: Trockenheit
B54: Starkregen
B55: durchschnittliche Niederschlagsabnahme
B56: Starkwind
A58: Anpassungsdimensionen (6, Skala 1–5)
B59: Wissen
B60: Motivation und Akzeptanz
B61: Technologie und natürliche Ressourcen
B62: Finanzielle Ressourcen
B63: Institutionelle Strukturen und personelle Ressourcen
B64: Rechtliche Rahmenbedingungen und politische Strategien
A66: Zeitscheiben
B67: Gegenwart (Bezugszeitraum 1971–2000)
B68: Mitte des Jahrhunderts (2031–2060)
B69: Ende des Jahrhunderts (2071–2100)
A71: Fälle
B72: optimistisch: günstigere Kombination aus Klima- und sozioökonomischen Projektionen
B73: pessimistisch: ungünstigere Kombination
B74: bei Chancen: chancenreicher / chancenarmer Fall
A76: Indikatoren-Präfixe
B77: BO Boden · LW Landwirtschaft · FW Wald- und Forstwirtschaft · FI Fischerei
B78: KUE Küsten- und Meeresschutz · WW Wasserhaushalt · BAU Bauwesen · EW Energiewirtschaft
B79: VE Verkehr · IG Industrie und Gewerbe · TOU Tourismus · GE Gesundheit
B80: KL = klimatischer Indikator · SO = sozioökonomischer Indikator
A82: Klimaraumtypen (7)
B83: Küsten
B84: Nordwesten
B85: Trockenste Region
B86: Wärmste Region
B87: Südosten
B88: Mittelgebirge
B89: Gebirge
A91: Querschnittsfelder (3, keine Handlungsfelder)
B92: Raumordnung
B93: Bevölkerungsschutz
B94: Finanzwirtschaft

Sheet Auswertung
A1: Auswertung (Formeln, aktualisieren sich mit dem Datenblatt)
A3: Klimawirkungen je Cluster
A4: Cluster | B4: Anzahl | C4: sehr dringend | D4: dringend
A5: Land | B5: =COUNTIF(Klimawirkungen!$B$3:$B$104,$A5) -> 32 | C5: =COUNTIFS(Klimawirkungen!$B$3:$B$104,$A5,Klimawirkungen!$AG$3:$AG$104,"sehr dringend") -> 13 | D5: =COUNTIFS(Klimawirkungen!$B$3:$B$104,$A5,Klimawirkungen!$AG$3:$AG$104,"dringend") -> 7
A6: Wasser | B6: =COUNTIF(Klimawirkungen!$B$3:$B$104,$A6) -> 26 | C6: =COUNTIFS(Klimawirkungen!$B$3:$B$104,$A6,Klimawirkungen!$AG$3:$AG$104,"sehr dringend") -> 9 | D6: =COUNTIFS(Klimawirkungen!$B$3:$B$104,$A6,Klimawirkungen!$AG$3:$AG$104,"dringend") -> 5
A7: Infrastruktur | B7: =COUNTIF(Klimawirkungen!$B$3:$B$104,$A7) -> 19 | C7: =COUNTIFS(Klimawirkungen!$B$3:$B$104,$A7,Klimawirkungen!$AG$3:$AG$104,"sehr dringend") -> 5 | D7: =COUNTIFS(Klimawirkungen!$B$3:$B$104,$A7,Klimawirkungen!$AG$3:$AG$104,"dringend") -> 4
A8: Wirtschaft | B8: =COUNTIF(Klimawirkungen!$B$3:$B$104,$A8) -> 17 | C8: =COUNTIFS(Klimawirkungen!$B$3:$B$104,$A8,Klimawirkungen!$AG$3:$AG$104,"sehr dringend") -> 1 | D8: =COUNTIFS(Klimawirkungen!$B$3:$B$104,$A8,Klimawirkungen!$AG$3:$AG$104,"dringend") -> 5
A9: Gesundheit | B9: =COUNTIF(Klimawirkungen!$B$3:$B$104,$A9) -> 8 | C9: =COUNTIFS(Klimawirkungen!$B$3:$B$104,$A9,Klimawirkungen!$AG$3:$AG$104,"sehr dringend") -> 3 | D9: =COUNTIFS(Klimawirkungen!$B$3:$B$104,$A9,Klimawirkungen!$AG$3:$AG$104,"dringend") -> 2
A10: Summe | B10: =SUM(B5:B9) -> 102 | C10: =SUM(C5:C9) -> 31 | D10: =SUM(D5:D9) -> 23
A12: Risikoverteilung ohne Anpassung
A13: Stufe | B13: Gegenwart | C13: Mitte optim. | D13: Mitte pessim. | E13: Ende optim. | F13: Ende pessim.
A14: gering | B14: =COUNTIF(Klimawirkungen!$N$3:$N$104,$A14) -> 59 | C14: =COUNTIF(Klimawirkungen!$O$3:$O$104,$A14) -> 50 | D14: =COUNTIF(Klimawirkungen!$P$3:$P$104,$A14) -> 16 | E14: =COUNTIF(Klimawirkungen!$Q$3:$Q$104,$A14) -> 32 | F14: =COUNTIF(Klimawirkungen!$R$3:$R$104,$A14) -> 9
A15: mittel | B15: =COUNTIF(Klimawirkungen!$N$3:$N$104,$A15) -> 42 | C15: =COUNTIF(Klimawirkungen!$O$3:$O$104,$A15) -> 50 | D15: =COUNTIF(Klimawirkungen!$P$3:$P$104,$A15) -> 50 | E15: =COUNTIF(Klimawirkungen!$Q$3:$Q$104,$A15) -> 61 | F15: =COUNTIF(Klimawirkungen!$R$3:$R$104,$A15) -> 41
A16: hoch | B16: =COUNTIF(Klimawirkungen!$N$3:$N$104,$A16) -> 1 | C16: =COUNTIF(Klimawirkungen!$O$3:$O$104,$A16) -> 2 | D16: =COUNTIF(Klimawirkungen!$P$3:$P$104,$A16) -> 36 | E16: =COUNTIF(Klimawirkungen!$Q$3:$Q$104,$A16) -> 9 | F16: =COUNTIF(Klimawirkungen!$R$3:$R$104,$A16) -> 52
A18: Restrisiko der 33 analysierten Klimawirkungen (Mitte des Jahrhunderts, pessimistisch)
A19: Stufe | B19: ohne Anpassung | C19: mit APA III | D19: mit weiterreichender Anpassung
A20: gering | B20: =COUNTIFS(Klimawirkungen!$P$3:$P$104,$A20,Klimawirkungen!$V$3:$V$104,"ja") -> 0 | C20: =COUNTIF(Klimawirkungen!$AD$3:$AD$104,$A20) -> 0 | D20: =COUNTIF(Klimawirkungen!$AF$3:$AF$104,$A20) -> 1
A21: gering-mittel | B21: =COUNTIFS(Klimawirkungen!$P$3:$P$104,$A21,Klimawirkungen!$V$3:$V$104,"ja") -> 0 | C21: =COUNTIF(Klimawirkungen!$AD$3:$AD$104,$A21) -> 1 | D21: =COUNTIF(Klimawirkungen!$AF$3:$AF$104,$A21) -> 6
A22: mittel | B22: =COUNTIFS(Klimawirkungen!$P$3:$P$104,$A22,Klimawirkungen!$V$3:$V$104,"ja") -> 4 | C22: =COUNTIF(Klimawirkungen!$AD$3:$AD$104,$A22) -> 6 | D22: =COUNTIF(Klimawirkungen!$AF$3:$AF$104,$A22) -> 14
A23: mittel-hoch | B23: =COUNTIFS(Klimawirkungen!$P$3:$P$104,$A23,Klimawirkungen!$V$3:$V$104,"ja") -> 0 | C23: =COUNTIF(Klimawirkungen!$AD$3:$AD$104,$A23) -> 17 | D23: =COUNTIF(Klimawirkungen!$AF$3:$AF$104,$A23) -> 11
A24: hoch | B24: =COUNTIFS(Klimawirkungen!$P$3:$P$104,$A24,Klimawirkungen!$V$3:$V$104,"ja") -> 29 | C24: =COUNTIF(Klimawirkungen!$AD$3:$AD$104,$A24) -> 9 | D24: =COUNTIF(Klimawirkungen!$AF$3:$AF$104,$A24) -> 1
A26: Weitere Kennzahlen
A27: Anpassungskapazität analysiert | B27: =COUNTIF(Klimawirkungen!$V$3:$V$104,"ja") -> 33 | C27: Soll: 33
A28: Intensiv bearbeitet | B28: =COUNTIF(Klimawirkungen!$E$3:$E$104,"intensiv") -> 37 | C28: Soll: 37
A29: Rein vorgelagerte Klimawirkungen | B29: =COUNTIF(Klimawirkungen!$L$3:$L$104,"ja") -> 9 | C29: Soll: 9
A30: Als Chance bewertet | B30: =COUNTIF(Klimawirkungen!$K$3:$K$104,"Chance") -> 2 | C30: Soll: 2
A31: Ohne Anpassungsmöglichkeit | B31: =SUMPRODUCT(--EXACT(Klimawirkungen!$U$3:$U$104,"keine Reaktion möglich")) -> 6 | C31: Soll: 6
A32: Anpassungsdauer über 50 Jahre | B32: =SUMPRODUCT(--EXACT(Klimawirkungen!$U$3:$U$104,"> 50")) -> 15
A33: Anpassungsdauer unter 10 Jahren | B33: =SUMPRODUCT(--EXACT(Klimawirkungen!$U$3:$U$104,"< 10")) -> 36
A34: Hohes Risiko bereits in der Gegenwart | B34: =COUNTIF(Klimawirkungen!$N$3:$N$104,"hoch") -> 1 | C34: Soll: 1
A35: Mit Indikatoren hinterlegt | B35: =COUNTIF(Klimawirkungen!$I$3:$I$104,"?*") -> 31
A36: Indikatoren insgesamt | B36: =COUNTA(Indikatoren!D5:D71) -> 67
A38: Alle Formeln beziehen sich auf Zeilen 3–104 im Blatt „Klimawirkungen“.
